time,open,high,low,close,volume_usd,swaps,minutes_with_trades,max_pools,usdt_usd
2026-06-26T16:00:00Z,59981.85,60031.85,59960.45,59996.00,87783,54,7,2,1.00000
2026-06-26T17:00:00Z,59996.00,60188.50,59833.64,59971.71,620806,415,54,5,0.99634
2026-06-26T18:00:00Z,59971.71,60056.59,59504.41,59580.25,763242,433,53,6,0.99660
2026-06-26T19:00:00Z,59580.25,59992.59,59566.59,59754.18,584409,322,45,6,0.99662
2026-06-26T20:00:00Z,59754.18,59893.09,59474.50,59649.32,601378,388,48,6,0.99661
2026-06-26T21:00:00Z,59649.32,59951.62,59577.70,59873.42,306116,226,41,6,0.99667
2026-06-26T22:00:00Z,59873.42,59988.63,59583.78,59988.18,302753,186,37,4,0.99667
2026-06-26T23:00:00Z,59988.18,60020.20,59655.56,60020.20,181571,120,32,6,0.99683
2026-06-27T00:00:00Z,60020.20,60094.27,59688.82,59975.94,250949,193,39,7,0.99695
2026-06-27T01:00:00Z,59975.94,59975.94,59891.55,59893.71,47218,51,18,2,0.99695
2026-06-27T02:00:00Z,59893.71,60270.03,59817.86,60239.94,538150,286,44,6,0.99704
2026-06-27T03:00:00Z,60239.94,60307.09,60016.12,60228.73,286356,203,46,6,0.99714
2026-06-27T04:00:00Z,60228.73,60382.88,60067.87,60174.69,275866,165,43,6,0.99876
2026-06-27T05:00:00Z,60174.69,60211.96,60054.73,60177.42,107356,98,26,2,0.99876
2026-06-27T06:00:00Z,60177.42,60398.80,60066.99,60303.22,256565,154,29,5,0.99876
2026-06-27T07:00:00Z,60303.22,60464.47,60173.82,60456.92,203917,168,39,6,1.00028
2026-06-27T08:00:00Z,60456.92,60456.92,60274.83,60406.60,145395,96,30,2,1.00028
2026-06-27T09:00:00Z,60406.60,60410.92,60183.24,60343.77,140796,123,29,2,1.00028
2026-06-27T10:00:00Z,60343.77,60390.37,60163.79,60330.75,70087,47,25,2,1.00028
2026-06-27T11:00:00Z,60330.75,60347.37,60153.33,60278.17,192632,130,34,4,0.99876
2026-06-27T12:00:00Z,60278.17,60325.85,60170.83,60325.85,99254,80,23,2,0.99876
2026-06-27T13:00:00Z,60325.85,60546.37,60237.32,60503.65,311415,131,35,6,1.00028
2026-06-27T14:00:00Z,60503.65,60622.15,60384.26,60451.74,303387,161,45,5,1.00046
2026-06-27T15:00:00Z,60451.74,60829.55,60451.74,60750.96,717672,273,42,6,1.00086
2026-06-27T16:00:00Z,60750.96,60756.81,60578.65,60642.70,135356,116,35,2,1.00064
2026-06-27T17:00:00Z,60642.70,60714.07,60366.35,60474.38,604958,267,42,6,1.00064
2026-06-27T18:00:00Z,60474.38,60474.38,60327.94,60466.38,112384,101,27,2,1.00064
2026-06-27T19:00:00Z,60466.38,60542.54,60036.48,60094.91,749963,338,37,6,1.00064
2026-06-27T20:00:00Z,60094.91,60203.22,60081.65,60203.02,44972,58,24,2,1.00064
2026-06-27T21:00:00Z,60203.02,60379.60,60097.37,60118.06,227624,189,38,5,1.00064
2026-06-27T22:00:00Z,60118.06,60175.29,59835.71,60143.94,672126,349,49,7,0.99990
2026-06-27T23:00:00Z,60143.94,60217.83,59906.96,59967.63,294142,193,38,6,0.99990
2026-06-28T00:00:00Z,59967.63,60097.11,59967.63,59985.03,97835,89,31,2,0.99990
2026-06-28T01:00:00Z,59985.03,60180.43,59942.19,60163.52,162505,153,39,3,0.99990
2026-06-28T02:00:00Z,60163.52,60234.90,60009.87,60089.04,182934,134,32,5,0.99990
2026-06-28T03:00:00Z,60089.04,60188.45,60071.76,60123.76,82712,83,30,2,0.99990
2026-06-28T04:00:00Z,60123.76,60139.87,60028.12,60082.57,83858,83,30,2,0.99990
2026-06-28T05:00:00Z,60082.57,60084.14,59712.25,59824.41,551557,243,33,6,0.99681
2026-06-28T06:00:00Z,59824.41,59938.57,59738.95,59938.57,138064,128,38,2,0.99681
2026-06-28T07:00:00Z,59938.57,60164.71,59777.31,60154.34,312973,163,31,7,0.99700
2026-06-28T08:00:00Z,60154.34,60426.94,59981.81,60328.64,636306,264,35,6,0.99804
2026-06-28T09:00:00Z,60328.64,60370.41,60193.44,60208.64,207866,214,39,2,0.99804
2026-06-28T10:00:00Z,60208.64,60292.81,59942.79,60080.41,289034,188,39,6,0.99723
2026-06-28T11:00:00Z,60080.41,60281.15,60004.37,60281.11,250572,224,36,3,0.99723
2026-06-28T12:00:00Z,60281.11,60353.45,60052.65,60119.69,319535,261,42,3,0.99723
2026-06-28T13:00:00Z,60119.69,60223.29,59936.69,59941.29,462109,318,40,7,0.99710
2026-06-28T14:00:00Z,59941.29,60150.82,59927.91,59973.60,250888,226,41,2,0.99710
2026-06-28T15:00:00Z,59973.60,60036.64,59698.64,59796.76,672224,365,39,6,0.99663
2026-06-28T16:00:00Z,59796.76,59850.70,59515.76,59606.12,625788,371,50,6,0.99659
2026-06-28T17:00:00Z,59606.12,59761.43,59357.69,59537.01,578864,357,43,6,0.99663
2026-06-28T18:00:00Z,59537.01,59605.25,59450.21,59530.27,165997,162,37,2,0.99663
2026-06-28T19:00:00Z,59530.27,59589.86,59228.81,59402.07,506480,383,46,6,0.99664
2026-06-28T20:00:00Z,59402.07,59661.24,59328.63,59604.44,317814,225,38,6,0.99674
2026-06-28T21:00:00Z,59604.44,59693.33,59288.80,59342.67,380792,286,38,6,0.99664
2026-06-28T22:00:00Z,59342.67,59805.08,58856.01,58992.15,2734045,1176,59,6,0.99674
2026-06-28T23:00:00Z,58992.15,59734.76,58965.76,59528.80,1396623,719,55,6,0.99684
2026-06-29T00:00:00Z,59528.80,59545.30,58952.30,59361.24,2518450,1289,58,6,0.99686
2026-06-29T01:00:00Z,59361.24,59591.54,59159.44,59387.42,971781,695,58,6,0.99683
2026-06-29T02:00:00Z,59387.42,59702.95,58869.26,59674.65,1894288,894,58,6,0.99694
2026-06-29T03:00:00Z,59674.65,60123.15,59509.34,59955.16,1342734,636,53,6,0.99730
2026-06-29T04:00:00Z,59955.16,59955.16,59666.12,59743.28,473589,380,48,6,0.99711
2026-06-29T05:00:00Z,59743.28,59879.84,59356.53,59817.44,1422291,764,52,6,0.99966
2026-06-29T06:00:00Z,59817.44,60236.47,59817.44,60029.89,709144,412,48,7,1.00045
2026-06-29T07:00:00Z,60029.89,60089.78,59850.99,59980.32,358941,331,47,7,0.99798
2026-06-29T08:00:00Z,59980.32,59991.69,59698.84,59788.54,629947,418,53,6,0.99720
2026-06-29T09:00:00Z,59788.54,60004.87,59738.28,59982.34,470480,384,51,3,0.99723
2026-06-29T10:00:00Z,59982.34,60217.40,59780.26,60032.07,517619,323,45,7,0.99787
2026-06-29T11:00:00Z,60032.07,60130.87,59749.62,59887.82,598359,397,49,6,0.99757
2026-06-29T12:00:00Z,59887.82,60697.85,59549.54,59897.65,4292535,1482,58,7,0.99787
2026-06-29T13:00:00Z,59897.65,60241.61,59274.68,59475.04,3068557,1466,56,7,0.99787
2026-06-29T14:00:00Z,59475.04,59588.46,58955.16,59358.50,2689151,1430,60,6,0.99746
2026-06-29T15:00:00Z,59358.50,59842.47,58877.60,59746.74,2151221,916,60,6,0.99857
2026-06-29T16:00:00Z,59746.74,59843.73,59526.66,59814.25,681561,482,56,6,1.00036
2026-06-29T17:00:00Z,59814.25,60587.67,59814.25,60355.69,2222310,970,60,6,1.00056
2026-06-29T18:00:00Z,60355.69,60424.85,60135.98,60199.27,731893,406,52,6,1.00050
2026-06-29T19:00:00Z,60199.27,60441.11,59975.89,60371.77,805287,440,52,6,1.00061
2026-06-29T20:00:00Z,60371.77,60450.65,60041.36,60253.87,925830,236,48,3,1.00061
2026-06-29T21:00:00Z,60253.87,60493.05,60119.12,60431.20,301544,319,50,6,1.00058
2026-06-29T22:00:00Z,60431.20,60431.20,60214.68,60214.68,222312,184,42,2,1.00058
2026-06-29T23:00:00Z,60214.68,60334.88,60091.05,60099.27,129810,128,42,5,1.00052
2026-06-30T00:00:00Z,60099.27,60227.49,59660.69,59771.52,1323222,701,54,7,1.00001
2026-06-30T01:00:00Z,59771.52,59958.13,59649.59,59850.64,477359,339,46,4,1.00006
2026-06-30T02:00:00Z,59850.64,59947.06,59714.52,59898.67,263870,220,41,2,1.00006
2026-06-30T03:00:00Z,59898.67,59928.24,59409.25,59555.20,496882,329,46,6,0.99746
2026-06-30T04:00:00Z,59555.20,59593.34,59165.95,59406.79,761678,430,54,6,0.99730
2026-06-30T05:00:00Z,59406.79,59556.77,59239.37,59556.77,286025,266,48,5,0.99712
2026-06-30T06:00:00Z,59556.77,59612.67,59370.97,59434.46,237020,193,44,3,0.99712
2026-06-30T07:00:00Z,59434.46,59534.84,59329.16,59441.83,248768,217,39,2,0.99712
2026-06-30T08:00:00Z,59441.83,59457.69,59138.99,59232.31,510764,308,41,6,0.99694
2026-06-30T09:00:00Z,59232.31,59325.13,59201.30,59324.13,234482,206,37,5,0.99698
2026-06-30T10:00:00Z,59324.13,59328.26,59115.98,59287.76,196587,191,42,3,0.99698
2026-06-30T11:00:00Z,59287.76,59319.96,58972.66,59045.24,434427,280,45,5,0.99683
2026-06-30T12:00:00Z,59045.24,59129.82,58345.57,58345.57,2712662,804,58,6,0.99668
2026-06-30T13:00:00Z,58345.57,58679.84,58139.07,58559.99,2447335,1184,58,6,0.99676
2026-06-30T14:00:00Z,58559.99,59186.41,58352.28,58423.19,3189184,1270,60,6,0.99671
2026-06-30T15:00:00Z,58423.19,58595.18,58093.19,58292.94,1905426,954,58,6,0.99664
2026-06-30T16:00:00Z,58292.94,58528.34,58146.44,58402.17,896524,588,58,6,0.99663
2026-06-30T17:00:00Z,58402.17,58517.34,58268.24,58349.00,408055,377,53,4,0.99663
2026-06-30T18:00:00Z,58349.00,58593.27,58283.44,58589.21,844721,412,56,4,0.99652
2026-06-30T19:00:00Z,58589.21,58732.78,58348.32,58732.78,436945,340,53,6,0.99650
2026-06-30T20:00:00Z,58732.78,58781.38,58403.76,58684.98,344490,253,46,6,0.99650
2026-06-30T21:00:00Z,58684.98,58684.98,58437.79,58563.97,233720,219,43,3,0.99650
2026-06-30T22:00:00Z,58563.97,58717.09,58431.37,58531.13,284023,261,44,3,0.99650
2026-06-30T23:00:00Z,58531.13,58568.49,58360.05,58561.96,216483,184,43,3,0.99650
2026-07-01T00:00:00Z,58561.96,58653.06,58246.43,58511.26,574266,423,50,6,0.99662
2026-07-01T01:00:00Z,58511.26,58920.33,57555.98,58724.98,3976571,1350,58,6,0.99672
2026-07-01T02:00:00Z,58724.98,59065.87,58626.42,58951.44,785371,516,50,6,0.99691
2026-07-01T03:00:00Z,58951.44,59193.85,58781.33,59127.76,673818,436,47,6,0.99713
2026-07-01T04:00:00Z,59127.76,59370.50,59017.96,59269.46,513436,325,45,6,0.99775
2026-07-01T05:00:00Z,59269.46,59283.29,59031.49,59031.49,213954,156,33,2,0.99775
2026-07-01T06:00:00Z,59031.49,59122.42,58488.56,58684.86,1073407,555,49,6,0.99698
2026-07-01T07:00:00Z,58684.86,58739.96,58538.92,58692.09,341131,343,47,3,0.99698
2026-07-01T08:00:00Z,58692.09,58743.80,58470.08,58709.85,619518,376,47,6,0.99738
2026-07-01T09:00:00Z,58709.85,59003.17,58709.85,58891.17,535354,271,47,6,0.99741
2026-07-01T10:00:00Z,58891.17,58891.17,58584.02,58601.30,438724,255,43,6,0.99739
2026-07-01T11:00:00Z,58601.30,58709.87,58525.12,58544.62,303270,244,50,6,0.99732
2026-07-01T12:00:00Z,58544.62,58654.33,58315.22,58467.49,803399,479,52,6,0.99789
2026-07-01T13:00:00Z,58467.49,59387.14,58460.17,59263.09,2896834,1174,55,6,0.99870
2026-07-01T14:00:00Z,59263.09,60006.53,59245.42,59498.14,2682363,1257,59,6,1.00015
2026-07-01T15:00:00Z,59498.14,60462.10,59498.14,60119.22,2273283,875,55,6,1.00060
2026-07-01T16:00:00Z,60119.22,60193.79,59847.34,59855.56,764694,504,50,7,1.00057
2026-07-01T17:00:00Z,59855.56,60168.10,59747.00,60155.63,620275,344,50,6,1.00060
2026-07-01T18:00:00Z,60155.63,60225.03,59903.23,60106.82,473023,365,46,6,1.00060
2026-07-01T19:00:00Z,60106.82,60275.23,59983.33,59983.33,467475,314,51,6,1.00057
2026-07-01T20:00:00Z,59983.33,60126.10,59855.60,60095.41,569635,387,49,6,1.00021
2026-07-01T21:00:00Z,60095.41,60784.64,60018.51,60782.61,1617534,672,50,6,1.00066
2026-07-01T22:00:00Z,60782.61,61243.80,60323.71,60430.54,2646917,814,49,6,1.00029
2026-07-01T23:00:00Z,60430.54,60430.54,59966.17,59997.06,982382,457,51,6,0.99985
2026-07-02T00:00:00Z,59997.06,59997.06,59576.23,59685.34,1129255,595,56,7,0.99795
2026-07-02T01:00:00Z,59685.34,60241.24,59681.50,60101.94,1184368,596,52,7,0.99784
2026-07-02T02:00:00Z,60101.94,60414.53,59950.89,60388.89,646280,380,44,6,0.99784
2026-07-02T03:00:00Z,60388.89,61028.35,60216.07,60981.30,1607140,598,55,6,0.99870
2026-07-02T04:00:00Z,60981.30,60981.30,60652.06,60758.69,425799,316,51,4,0.99870
2026-07-02T05:00:00Z,60758.69,60795.88,60436.53,60476.89,766451,431,45,6,0.99747
2026-07-02T06:00:00Z,60476.89,60567.55,60229.98,60235.48,725433,444,48,6,0.99760
2026-07-02T07:00:00Z,60235.48,60235.48,60005.91,60080.57,460025,324,47,6,0.99742
2026-07-02T08:00:00Z,60080.57,60464.13,60071.03,60158.35,425760,224,44,6,0.99745
2026-07-02T09:00:00Z,60158.35,61330.85,60158.35,61129.82,2704048,1021,49,6,0.99912
2026-07-02T10:00:00Z,61129.82,61268.94,60980.25,61213.95,552358,368,50,3,0.99912
2026-07-02T11:00:00Z,61213.95,61301.03,61091.39,61297.27,462294,315,47,3,0.99912
2026-07-02T12:00:00Z,61297.27,61523.71,61061.24,61490.40,1558352,709,54,6,1.00061
2026-07-02T13:00:00Z,61490.40,61954.82,61418.36,61878.01,2626318,1125,58,6,1.00060
2026-07-02T14:00:00Z,61878.01,62120.71,61385.51,61618.51,2576562,1238,60,6,1.00041
2026-07-02T15:00:00Z,61618.51,61768.61,61400.35,61557.59,1070453,657,56,5,0.99954
2026-07-02T16:00:00Z,61557.59,61703.52,61126.10,61612.27,1659891,607,52,6,1.00051
2026-07-02T17:00:00Z,61612.27,61892.66,61534.55,61638.20,753075,462,49,6,1.00066
2026-07-02T18:00:00Z,61638.20,61797.28,61638.20,61687.26,293562,202,43,2,1.00066
2026-07-02T19:00:00Z,61687.26,61689.39,61443.75,61499.05,655271,313,45,6,0.99954
2026-07-02T20:00:00Z,61499.05,61567.25,61277.91,61505.92,384065,236,41,5,1.00041
2026-07-02T21:00:00Z,61505.92,61573.29,61429.59,61512.00,122126,123,40,2,1.00041
2026-07-02T22:00:00Z,61512.00,61512.00,61332.17,61433.46,147486,96,29,2,1.00041
2026-07-02T23:00:00Z,61433.46,61513.12,61293.87,61507.91,261048,227,39,2,1.00041
2026-07-03T00:00:00Z,61507.91,61507.91,61212.32,61259.92,492895,282,43,6,1.00111
2026-07-03T01:00:00Z,61259.92,61638.51,61247.21,61547.61,639236,375,47,6,1.00100
2026-07-03T02:00:00Z,61547.61,61574.48,61269.12,61366.01,513048,359,46,6,1.00082
2026-07-03T03:00:00Z,61366.01,61487.60,61284.71,61364.01,317543,173,34,3,1.00082
2026-07-03T04:00:00Z,61364.01,61437.84,61186.03,61411.56,333165,209,42,3,0.99982
2026-07-03T05:00:00Z,61411.56,61705.48,61257.97,61663.21,568896,281,40,6,1.00090
2026-07-03T06:00:00Z,61663.21,61764.33,61561.42,61679.41,338829,215,34,6,1.00114
2026-07-03T07:00:00Z,61679.41,61770.18,61542.60,61647.52,295136,202,41,4,1.00116
2026-07-03T08:00:00Z,61647.52,61819.42,61525.26,61525.27,355459,268,38,5,1.00115
2026-07-03T09:00:00Z,61525.27,61697.82,61479.18,61680.95,335395,238,39,5,1.00115
2026-07-03T10:00:00Z,61680.95,61940.16,61580.69,61882.25,572213,308,42,6,1.00116
2026-07-03T11:00:00Z,61882.25,62015.63,61764.46,61978.16,532334,396,48,6,1.00122
2026-07-03T12:00:00Z,61978.16,62079.46,61838.06,61903.75,442911,224,41,6,1.00121
2026-07-03T13:00:00Z,61903.75,62199.77,61903.75,62063.13,545889,329,44,6,1.00116
2026-07-03T14:00:00Z,62063.13,62185.75,61694.44,62142.58,1213581,531,50,6,1.00129
2026-07-03T15:00:00Z,62142.58,62290.45,61799.30,61880.46,943930,430,52,6,1.00125
2026-07-03T16:00:00Z,61880.46,62058.79,61858.45,62058.79,300638,190,38,2,1.00125
2026-07-03T17:00:00Z,62058.79,62219.07,62048.35,62153.38,294339,218,37,6,1.00126
2026-07-03T18:00:00Z,62153.38,62206.31,62043.06,62183.82,117662,99,38,2,1.00126
2026-07-03T19:00:00Z,62183.82,62242.04,62024.21,62176.96,259060,174,39,5,1.00150
2026-07-03T20:00:00Z,62176.96,62783.65,62168.81,62714.46,1616395,590,54,7,1.00158
2026-07-03T21:00:00Z,62714.46,62884.11,62489.86,62707.68,523214,396,50,4,1.00156
2026-07-03T22:00:00Z,62707.68,62759.31,62497.80,62549.98,172135,176,40,3,1.00156
2026-07-03T23:00:00Z,62549.98,62625.14,62494.75,62537.42,150863,160,37,2,1.00156
2026-07-04T00:00:00Z,62537.42,62870.43,62537.42,62711.91,392958,269,38,6,1.00161
2026-07-04T01:00:00Z,62711.91,62711.91,62364.02,62433.33,503481,313,49,6,1.00158
2026-07-04T02:00:00Z,62433.33,62727.55,62365.73,62500.18,449495,132,36,4,1.00156
2026-07-04T03:00:00Z,62500.18,62674.05,62450.01,62601.09,143594,134,32,3,1.00156
2026-07-04T04:00:00Z,62601.09,63265.25,62574.71,62623.65,1039486,168,42,4,1.00156
2026-07-04T05:00:00Z,62623.65,62887.10,62416.69,62559.71,368078,176,37,4,1.00150
2026-07-04T06:00:00Z,62559.71,62679.66,62315.47,62460.79,307232,192,37,6,1.00141
2026-07-04T07:00:00Z,62460.79,62555.11,62422.80,62518.39,119554,127,33,2,1.00141
2026-07-04T08:00:00Z,62518.39,62599.90,62471.25,62535.88,106908,96,33,3,1.00127
2026-07-04T09:00:00Z,62535.88,62543.17,62392.94,62425.09,121396,132,39,2,1.00127
2026-07-04T10:00:00Z,62425.09,62571.23,62404.54,62464.85,26918,63,32,3,1.00127
2026-07-04T11:00:00Z,62464.85,62482.07,62424.62,62449.89,77553,72,33,2,1.00127
2026-07-04T12:00:00Z,62449.89,62619.90,62449.89,62619.90,86479,100,31,3,1.00127
2026-07-04T13:00:00Z,62619.90,62704.89,62422.02,62529.97,263182,201,41,5,1.00077
2026-07-04T14:00:00Z,62529.97,62664.02,62491.32,62635.03,110749,122,28,3,1.00077
2026-07-04T15:00:00Z,62635.03,62941.65,62498.72,62886.74,1039091,431,48,6,1.00137
2026-07-04T16:00:00Z,62886.74,62933.92,62767.88,62887.65,218603,201,49,3,1.00137
2026-07-04T17:00:00Z,62887.65,63346.22,62777.91,63262.97,950796,478,53,7,1.00143
2026-07-04T18:00:00Z,63262.97,63321.31,63082.10,63111.16,241811,232,45,3,1.00143
2026-07-04T19:00:00Z,63111.16,63401.20,63111.05,63268.00,322119,247,41,4,1.00143
2026-07-04T20:00:00Z,63268.00,63318.43,63144.79,63214.86,179499,179,37,3,1.00143
2026-07-04T21:00:00Z,63214.86,63399.10,63189.82,63263.66,165509,154,38,3,1.00143
2026-07-04T22:00:00Z,63263.66,63291.38,63145.72,63159.18,115604,168,36,2,1.00143
2026-07-04T23:00:00Z,63159.18,63165.71,62922.91,63125.19,470574,288,40,6,0.99718
2026-07-05T00:00:00Z,63125.19,63125.19,62874.63,62919.46,214597,213,42,3,0.99718
2026-07-05T01:00:00Z,62919.46,63048.62,62787.62,62828.25,406903,272,43,6,0.99720
2026-07-05T02:00:00Z,62828.25,62926.51,62578.70,62622.11,502787,332,49,6,0.99717
2026-07-05T03:00:00Z,62622.11,62724.21,62622.11,62724.21,103451,127,37,3,0.99720
2026-07-05T04:00:00Z,62724.21,62881.37,62614.47,62799.26,120602,100,30,2,0.99720
2026-07-05T05:00:00Z,62799.26,62799.26,62640.25,62716.45,97468,114,32,2,0.99720
2026-07-05T06:00:00Z,62716.45,62752.48,62646.26,62708.34,73609,106,35,2,0.99720
2026-07-05T07:00:00Z,62708.34,62940.91,62703.47,62940.91,251466,164,35,6,1.00137
2026-07-05T08:00:00Z,62940.91,63019.76,62860.48,62874.70,201402,142,36,6,1.00143
2026-07-05T09:00:00Z,62874.70,62876.54,62436.97,62561.11,605495,261,40,6,1.00127
2026-07-05T10:00:00Z,62561.11,62687.87,62526.13,62681.24,138279,167,31,2,1.00127
2026-07-05T11:00:00Z,62681.24,62735.65,62569.34,62622.57,121919,149,35,4,1.00127
2026-07-05T12:00:00Z,62622.57,62712.41,62545.85,62685.34,148908,137,34,2,1.00127
2026-07-05T13:00:00Z,62685.34,62751.97,62591.95,62739.15,135983,135,36,2,1.00127
2026-07-05T14:00:00Z,62739.15,62746.07,62624.31,62744.34,132295,123,33,2,1.00127
2026-07-05T15:00:00Z,62744.34,62876.82,62660.63,62691.06,392268,240,43,6,1.00099
2026-07-05T16:00:00Z,62691.06,62807.39,62584.02,62589.20,89294,70,31,2,1.00099
2026-07-05T17:00:00Z,62589.20,62749.29,62584.38,62584.38,150820,133,25,2,1.00099
2026-07-05T18:00:00Z,62584.38,62812.10,62584.38,62780.11,129306,122,33,3,1.00099
2026-07-05T19:00:00Z,62780.11,62823.48,62706.23,62744.40,157075,159,42,2,1.00099
2026-07-05T20:00:00Z,62744.40,62765.80,62664.96,62733.20,64714,63,24,2,1.00099
2026-07-05T21:00:00Z,62733.20,63132.22,62594.56,63080.42,821011,394,40,6,0.99727
2026-07-05T22:00:00Z,63080.42,63811.42,62993.43,63668.25,1925731,766,59,7,1.00100
2026-07-05T23:00:00Z,63668.25,63922.58,63548.09,63581.45,546858,357,52,6,1.00123
2026-07-06T00:00:00Z,63581.45,63691.50,63327.68,63686.82,889745,585,60,6,0.99860
2026-07-06T01:00:00Z,63686.82,63846.55,63505.65,63505.65,611547,412,51,6,1.00117
2026-07-06T02:00:00Z,63505.65,63694.30,63366.15,63412.06,619402,400,51,6,1.00134
2026-07-06T03:00:00Z,63412.06,63512.64,63121.72,63218.84,610064,330,43,6,1.00117
2026-07-06T04:00:00Z,63218.84,63318.18,63165.41,63216.72,296227,272,41,3,1.00117
2026-07-06T05:00:00Z,63216.72,63220.12,62921.81,63085.16,487048,243,46,6,1.00100
2026-07-06T06:00:00Z,63085.16,63208.25,62953.05,62956.67,138820,150,32,2,1.00100
2026-07-06T07:00:00Z,62956.67,63044.28,62876.14,63044.26,282094,188,36,6,0.99726
2026-07-06T08:00:00Z,63044.26,63164.75,62809.43,62865.04,351622,267,36,6,0.99726
2026-07-06T09:00:00Z,62865.04,62974.79,62591.49,62612.79,394402,225,42,6,0.99704
2026-07-06T10:00:00Z,62612.79,62954.72,62612.79,62784.65,232186,200,40,6,0.99715
2026-07-06T11:00:00Z,62784.65,62995.39,62489.51,62489.51,743158,258,39,6,0.99705
2026-07-06T12:00:00Z,62489.51,62489.51,61655.49,61716.69,2889604,1022,57,7,0.99711
2026-07-06T13:00:00Z,61716.69,61953.84,61335.22,61756.77,2372749,1199,58,6,0.99711
2026-07-06T14:00:00Z,61756.77,62298.11,61696.10,61976.89,2203289,932,55,6,0.99712
2026-07-06T15:00:00Z,61976.89,63460.70,61976.89,63323.83,3425646,1099,59,7,0.99741
2026-07-06T16:00:00Z,63323.83,63818.98,63323.83,63669.75,1746244,866,60,6,0.99753
2026-07-06T17:00:00Z,63669.75,63907.64,63486.31,63560.61,814624,505,56,6,0.99765
2026-07-06T18:00:00Z,63560.61,63826.07,63552.22,63686.53,385191,281,51,3,0.99765
2026-07-06T19:00:00Z,63686.53,63875.08,63466.89,63712.37,262061,199,47,3,0.99765
2026-07-06T20:00:00Z,63712.37,63836.53,63586.55,63708.18,207777,174,44,2,0.99765
2026-07-06T21:00:00Z,63708.18,64630.26,63708.18,64420.88,2864429,891,47,7,0.99734
2026-07-06T22:00:00Z,64420.88,64432.68,64146.55,64183.60,290411,248,39,3,0.99734
2026-07-06T23:00:00Z,64183.60,64302.66,64020.66,64020.66,340849,296,47,6,0.99716
2026-07-07T00:00:00Z,64020.66,64250.40,63999.30,64161.53,380197,314,40,4,0.99716
2026-07-07T01:00:00Z,64161.53,64161.53,63767.29,63821.45,788085,432,50,6,0.99712
2026-07-07T02:00:00Z,63821.45,63935.34,63287.17,63287.17,1046223,521,49,6,0.99711
2026-07-07T03:00:00Z,63287.17,63366.48,63124.20,63278.45,423901,294,44,6,0.99711
2026-07-07T04:00:00Z,63278.45,63310.91,63053.53,63055.70,265085,177,37,6,0.99711
2026-07-07T05:00:00Z,63055.70,63210.11,62792.69,63120.07,751906,412,46,6,0.99713
2026-07-07T06:00:00Z,63120.07,63335.64,62912.21,63325.18,423156,283,40,6,0.99714
2026-07-07T07:00:00Z,63325.18,63406.99,63061.79,63061.79,330918,243,42,6,0.99715
2026-07-07T08:00:00Z,63061.79,63226.43,62970.21,63070.12,255208,254,44,6,0.99715
2026-07-07T09:00:00Z,63070.12,63271.67,63044.67,63237.70,187719,193,39,3,0.99715
2026-07-07T10:00:00Z,63237.70,63383.78,63196.71,63220.07,277236,161,37,6,0.99716
2026-07-07T11:00:00Z,63220.07,63379.76,63098.70,63334.36,360179,247,47,4,0.99716
2026-07-07T12:00:00Z,63334.36,63793.58,63296.93,63434.86,968232,486,50,6,0.99723
2026-07-07T13:00:00Z,63434.86,63434.86,62973.01,63008.89,1750395,912,56,6,0.99715
2026-07-07T14:00:00Z,63008.89,63538.91,62713.31,63538.87,3026398,1404,60,6,0.99722
2026-07-07T15:00:00Z,63538.87,64039.18,63356.87,63887.74,1686717,809,60,7,0.99722
2026-07-07T16:00:00Z,63887.74,64164.01,63793.16,63945.81,805519,487,52,6,0.99717
2026-07-07T17:00:00Z,63945.81,64165.57,63883.81,64138.64,355532,289,45,2,0.99717
2026-07-07T18:00:00Z,64138.64,64138.64,63685.76,63685.76,674705,409,50,6,0.99714
2026-07-07T19:00:00Z,63685.76,63838.27,63419.56,63778.50,1057331,548,51,6,0.99714
2026-07-07T20:00:00Z,63778.50,63845.93,63517.79,63641.25,246687,184,38,4,0.99715
2026-07-07T21:00:00Z,63641.25,63804.37,63334.95,63385.45,760291,505,48,6,0.99713
2026-07-07T22:00:00Z,63385.45,63604.22,63221.43,63521.97,587645,404,52,6,0.99715
2026-07-07T23:00:00Z,63521.97,63649.13,63284.35,63324.01,272306,217,38,6,0.99723
2026-07-08T00:00:00Z,63324.01,63698.91,63296.27,63615.40,493053,399,45,6,0.99726
2026-07-08T01:00:00Z,63615.40,63615.40,62905.25,63012.81,1336985,556,52,7,0.99726
2026-07-08T02:00:00Z,63012.81,63012.81,62591.95,62925.62,1406332,726,58,6,0.99752
2026-07-08T03:00:00Z,62925.62,63035.00,62689.20,62704.84,391094,298,46,6,0.99763
2026-07-08T04:00:00Z,62704.84,62860.20,62655.70,62742.59,301110,207,42,6,0.99761
2026-07-08T05:00:00Z,62742.59,62806.78,62551.30,62601.42,388800,286,49,6,0.99752
2026-07-08T06:00:00Z,62601.42,62680.35,62467.14,62606.59,430419,333,47,5,0.99747
2026-07-08T07:00:00Z,62606.59,62828.83,62507.99,62828.83,253100,227,44,5,0.99747
2026-07-08T08:00:00Z,62828.83,62859.63,61844.89,61982.23,2409761,1043,58,6,0.99743
2026-07-08T09:00:00Z,61982.23,62103.91,61725.11,62031.43,935563,498,54,6,0.99737
2026-07-08T10:00:00Z,62031.43,62128.17,61885.39,62113.79,243486,202,42,4,0.99737
2026-07-08T11:00:00Z,62113.79,62311.08,61885.50,62254.74,655577,296,46,6,0.99743
2026-07-08T12:00:00Z,62254.74,62352.56,61968.36,61968.36,578408,410,46,6,0.99720
2026-07-08T13:00:00Z,61968.36,62015.94,61616.36,61886.15,1279004,699,54,6,0.99742
2026-07-08T14:00:00Z,61886.15,62099.07,61692.22,61842.80,1576178,884,60,6,0.99736
2026-07-08T15:00:00Z,61842.80,61850.19,61486.03,61679.75,960606,559,58,6,0.99715
2026-07-08T16:00:00Z,61679.75,62073.69,61570.42,62073.45,821282,429,53,6,0.99718
2026-07-08T17:00:00Z,62073.45,62323.57,61928.38,62045.57,730361,400,52,6,0.99731
2026-07-08T18:00:00Z,62045.57,62276.42,62026.52,62139.75,451098,382,55,3,0.99731
2026-07-08T19:00:00Z,62139.75,62224.65,62051.16,62224.63,328431,250,46,2,0.99731
2026-07-08T20:00:00Z,62224.63,62244.59,62072.01,62072.01,309070,237,42,3,0.99731
2026-07-08T21:00:00Z,62072.01,62184.77,61949.07,62172.67,348174,242,41,6,0.99743
2026-07-08T22:00:00Z,62172.67,62288.09,62116.77,62269.27,214599,183,41,3,0.99743
2026-07-08T23:00:00Z,62269.27,62284.45,62162.92,62254.10,142860,119,34,2,0.99743
2026-07-09T00:00:00Z,62254.10,62258.69,62046.79,62062.44,372003,326,48,2,0.99743
2026-07-09T01:00:00Z,62062.44,62558.14,61849.54,61876.09,2101640,731,58,6,0.99719
2026-07-09T02:00:00Z,61876.09,62053.09,61680.00,61738.31,830855,479,51,6,0.99720
2026-07-09T03:00:00Z,61738.31,61995.95,61710.18,61935.91,452715,376,53,2,0.99720
2026-07-09T04:00:00Z,61935.91,62340.85,61859.32,62218.22,799343,405,51,6,0.99765
2026-07-09T05:00:00Z,62218.22,62553.48,62218.22,62350.57,720539,385,47,6,0.99810
2026-07-09T06:00:00Z,62350.57,62829.67,62350.57,62829.11,946342,444,47,7,1.00116
2026-07-09T07:00:00Z,62829.11,63141.25,62742.23,62950.38,1078605,626,52,6,1.00117
2026-07-09T08:00:00Z,62950.38,63018.66,62832.54,62859.90,242698,178,45,3,1.00117
2026-07-09T09:00:00Z,62859.90,63098.89,62771.35,62921.41,330762,291,47,6,1.00145
2026-07-09T10:00:00Z,62921.41,62983.62,62680.99,62718.80,316588,244,44,6,1.00134
2026-07-09T11:00:00Z,62718.80,62949.93,62580.34,62861.28,346527,246,40,6,1.00127
2026-07-09T12:00:00Z,62861.28,62879.34,62466.73,62594.23,1142482,562,50,6,1.00124
2026-07-09T13:00:00Z,62594.23,63087.77,62504.03,62997.02,1497205,782,52,6,1.00145
2026-07-09T14:00:00Z,62997.02,63063.99,62645.30,62964.94,1066969,686,58,6,1.00127
2026-07-09T15:00:00Z,62964.94,63183.11,62792.11,62815.46,1018188,542,55,6,1.00145
2026-07-09T16:00:00Z,62815.46,62960.66,62550.05,62654.64,779064,397,46,6,1.00111
2026-07-09T17:00:00Z,62654.64,63096.35,62654.63,63078.39,680782,354,41,6,1.00104
2026-07-09T18:00:00Z,63078.39,63449.12,63041.03,63178.02,999272,483,51,7,1.00126
2026-07-09T19:00:00Z,63178.02,63312.50,63123.94,63223.16,194566,158,42,2,1.00126
2026-07-09T20:00:00Z,63223.16,63295.61,63157.44,63252.75,178246,139,36,2,1.00126
2026-07-09T21:00:00Z,63252.75,63333.30,63180.64,63224.02,116072,133,45,2,1.00126
2026-07-09T22:00:00Z,63224.02,63350.48,63205.32,63205.32,268903,176,41,2,1.00126
2026-07-09T23:00:00Z,63205.32,63270.02,63053.90,63220.20,290705,204,50,5,1.00127
2026-07-10T00:00:00Z,63220.20,63220.20,62910.78,63049.46,578013,338,49,6,1.00124
2026-07-10T01:00:00Z,63049.46,63886.45,62948.28,63693.90,1572286,542,46,6,1.00149
2026-07-10T02:00:00Z,63693.90,63977.10,63680.12,63934.44,470688,305,51,6,1.00170
2026-07-10T03:00:00Z,63934.44,63985.06,63775.89,63901.21,214816,245,45,5,1.00170
2026-07-10T04:00:00Z,63901.21,64116.12,63720.30,64033.48,512746,320,48,6,1.00167
2026-07-10T05:00:00Z,64033.48,64128.85,63909.69,64027.33,185899,178,35,6,1.00164
2026-07-10T06:00:00Z,64027.33,64097.55,63791.99,63828.68,174578,158,37,2,1.00164
2026-07-10T07:00:00Z,63828.68,64049.81,63800.25,63946.66,208858,156,40,4,1.00132
2026-07-10T08:00:00Z,63946.66,64328.13,63887.25,64221.06,597151,329,46,6,1.00150
2026-07-10T09:00:00Z,64221.06,64420.01,64093.24,64362.52,415511,263,47,6,1.00170
2026-07-10T10:00:00Z,64362.52,64448.29,64265.58,64399.23,213197,203,45,3,1.00170
2026-07-10T11:00:00Z,64399.23,64419.13,64165.52,64365.35,217459,172,47,3,1.00170
2026-07-10T12:00:00Z,64365.35,64583.78,64096.99,64262.80,750304,316,53,6,1.00178
2026-07-10T13:00:00Z,64262.80,64630.89,64147.34,64459.31,816414,450,57,6,1.00175
2026-07-10T14:00:00Z,64459.31,64460.29,63797.99,63892.10,1755577,769,59,6,1.00170
2026-07-10T15:00:00Z,63892.10,64234.42,63890.79,63975.28,445737,331,53,3,1.00170
2026-07-10T16:00:00Z,63975.28,64153.01,63809.51,64130.55,512008,404,55,5,1.00172
2026-07-10T17:00:00Z,64130.55,64130.55,63827.77,63978.68,420308,354,60,4,1.00172
2026-07-10T18:00:00Z,63978.68,63979.38,63733.47,63741.15,294633,185,42,6,1.00166
2026-07-10T19:00:00Z,63741.15,63988.46,63741.15,63891.46,213221,193,46,3,1.00166
2026-07-10T20:00:00Z,63891.46,63948.85,63657.37,63831.62,397699,248,41,6,1.00158
2026-07-10T21:00:00Z,63831.62,64027.53,63807.99,63980.35,191310,145,35,5,1.00164
2026-07-10T22:00:00Z,63980.35,64100.57,63938.66,64097.38,185837,124,40,6,1.00168
2026-07-10T23:00:00Z,64097.38,64153.66,63965.35,64120.31,159000,116,30,6,1.00177
2026-07-11T00:00:00Z,64120.31,64120.31,63965.53,63987.28,151412,156,41,4,1.00177
2026-07-11T01:00:00Z,63987.28,64246.90,63984.52,63984.52,365316,215,34,6,1.00177
2026-07-11T02:00:00Z,63984.52,64104.17,63975.84,64104.17,91567,109,34,2,1.00177
2026-07-11T03:00:00Z,64104.17,64211.90,64063.63,64130.46,109193,92,35,2,1.00165
2026-07-11T04:00:00Z,64130.46,64147.01,64050.16,64116.69,63797,99,34,2,1.00165
2026-07-11T05:00:00Z,64116.69,64159.80,64078.96,64135.92,48578,75,29,2,1.00165
2026-07-11T06:00:00Z,64135.92,64212.17,64072.25,64186.89,60970,72,29,3,1.00165
2026-07-11T07:00:00Z,64186.89,64210.89,64083.06,64139.91,45217,77,31,2,1.00165
2026-07-11T08:00:00Z,64139.91,64235.78,64073.37,64229.33,47261,40,20,2,1.00165
2026-07-11T09:00:00Z,64229.33,64229.73,64079.81,64136.58,62624,81,33,2,1.00165
2026-07-11T10:00:00Z,64136.58,64211.85,64064.45,64118.20,60231,52,31,2,1.00165
2026-07-11T11:00:00Z,64118.20,64141.71,63953.93,64141.62,11064,45,27,3,0.99763
2026-07-11T12:00:00Z,64141.62,64169.27,64075.26,64124.08,37715,59,34,2,0.99763
2026-07-11T13:00:00Z,64124.08,64202.19,64071.22,64158.49,43532,66,37,2,0.99763
2026-07-11T14:00:00Z,64158.49,64470.39,64158.49,64338.30,369266,209,40,7,1.00166
2026-07-11T15:00:00Z,64338.30,64414.07,63929.76,64127.92,939677,336,37,7,1.00148
2026-07-11T16:00:00Z,64127.92,64209.25,64055.06,64115.09,167208,184,45,2,1.00148
2026-07-11T17:00:00Z,64115.09,64336.53,64085.73,64307.76,134695,149,34,4,1.00065
2026-07-11T18:00:00Z,64307.76,64330.57,64215.09,64289.15,84324,71,29,3,1.00065
2026-07-11T19:00:00Z,64289.15,64289.32,64169.80,64250.87,46669,49,26,3,1.00065
2026-07-11T20:00:00Z,64250.87,64398.11,64230.88,64230.88,101579,101,33,4,1.00065
2026-07-11T21:00:00Z,64230.88,64404.91,64199.21,64332.79,30013,46,26,2,1.00065
2026-07-11T22:00:00Z,64332.79,64369.69,64115.34,64147.83,179291,185,36,3,1.00065
2026-07-11T23:00:00Z,64147.83,64204.90,63795.91,63816.37,789038,438,52,7,0.99849
2026-07-12T00:00:00Z,63816.37,63932.82,63700.99,63805.70,623099,382,49,6,0.99783
2026-07-12T01:00:00Z,63805.70,64109.89,63805.70,64092.33,295633,200,44,6,0.99775
2026-07-12T02:00:00Z,64092.33,64092.33,63911.03,64060.36,56256,65,21,2,0.99775
2026-07-12T03:00:00Z,64060.36,64167.04,63937.74,64167.04,153534,123,33,5,0.99775
2026-07-12T04:00:00Z,64167.04,64182.88,63940.00,63961.66,174232,119,28,6,0.99775
2026-07-12T05:00:00Z,63961.66,63967.32,63868.04,63937.66,64630,63,31,2,0.99775
2026-07-12T06:00:00Z,63937.66,63937.68,63621.10,63717.56,563549,299,45,7,0.99740
2026-07-12T07:00:00Z,63717.56,63844.39,63709.76,63801.32,78057,79,26,3,0.99740
2026-07-12T08:00:00Z,63801.32,64041.34,63801.32,63934.65,266537,175,33,7,0.99745
2026-07-12T09:00:00Z,63934.65,63990.70,63758.07,63957.01,195492,168,35,3,0.99745
2026-07-12T10:00:00Z,63957.01,63957.01,63836.30,63836.30,54209,77,27,3,0.99745
2026-07-12T11:00:00Z,63836.30,63972.18,63794.35,63848.85,93107,120,24,3,0.99745
2026-07-12T12:00:00Z,63848.85,64065.85,63738.06,63989.76,194740,111,29,7,0.99749
2026-07-12T13:00:00Z,63989.76,64033.84,63912.19,63963.77,77026,80,30,3,0.99749
2026-07-12T14:00:00Z,63963.77,64218.23,63834.08,64032.30,266947,165,33,7,0.99733
2026-07-12T15:00:00Z,64032.30,64203.83,63866.61,64052.24,172271,155,34,4,0.99740
2026-07-12T16:00:00Z,64052.24,64154.88,64013.53,64118.03,123964,99,31,3,0.99740
2026-07-12T17:00:00Z,64118.03,64118.87,63998.90,64024.71,45799,40,21,2,0.99740
2026-07-12T18:00:00Z,64024.71,64092.39,63992.46,64092.39,65514,60,19,3,0.99740
2026-07-12T19:00:00Z,64092.39,64209.51,63964.33,64209.51,101929,98,31,3,0.99740
2026-07-12T20:00:00Z,64209.51,64209.51,64117.87,64171.97,227988,79,29,2,0.99740
2026-07-12T21:00:00Z,64171.97,64175.99,63891.41,64052.10,186977,153,37,4,0.99740
2026-07-12T22:00:00Z,64052.10,64052.10,63668.68,63870.30,817336,391,44,7,0.99725
2026-07-12T23:00:00Z,63870.30,63870.30,63671.12,63770.40,302582,195,39,3,0.99725
2026-07-13T00:00:00Z,63770.40,64378.20,63562.97,63898.22,2316194,1006,56,7,1.00033
2026-07-13T01:00:00Z,63898.22,64001.47,63430.91,63430.91,1223859,701,56,7,0.99740
2026-07-13T02:00:00Z,63430.91,63491.87,63251.16,63323.74,802825,455,45,7,0.99736
2026-07-13T03:00:00Z,63323.74,63329.98,62732.44,62813.99,1324500,612,46,7,0.99732
2026-07-13T04:00:00Z,62813.99,62858.64,62632.89,62655.96,465161,263,39,7,0.99730
2026-07-13T05:00:00Z,62655.96,62840.13,62537.12,62765.72,764955,372,43,7,0.99732
2026-07-13T06:00:00Z,62765.72,62817.15,62701.98,62780.55,173904,174,43,3,0.99732
2026-07-13T07:00:00Z,62780.55,62998.80,62571.88,62978.05,519577,263,47,6,0.99748
2026-07-13T08:00:00Z,62978.05,63212.00,62753.91,63147.55,602878,325,39,7,0.99764
2026-07-13T09:00:00Z,63147.55,63147.55,63063.48,63067.34,39141,60,31,2,0.99764
2026-07-13T10:00:00Z,63067.34,63077.24,62843.47,62843.47,230549,158,39,6,0.99754
2026-07-13T11:00:00Z,62843.47,63058.97,62843.47,62881.54,214990,190,36,4,0.99754
2026-07-13T12:00:00Z,62881.54,62918.09,62552.30,62554.92,724951,324,46,7,0.99732
2026-07-13T13:00:00Z,62554.92,62688.76,62142.34,62271.50,1643033,757,54,7,0.99727
2026-07-13T14:00:00Z,62271.50,62667.49,62090.21,62559.84,2006908,780,58,7,0.99730
2026-07-13T15:00:00Z,62559.84,62904.25,62550.97,62551.81,721577,349,48,7,0.99731
2026-07-13T16:00:00Z,62551.81,62555.41,62185.33,62229.48,988147,416,47,7,0.99727
2026-07-13T17:00:00Z,62229.48,62286.94,61876.42,61876.42,1032306,439,49,7,0.99719
2026-07-13T18:00:00Z,61876.42,62043.34,61798.46,61981.65,613490,376,54,6,0.99719
2026-07-13T19:00:00Z,61981.65,62170.55,61921.10,62037.36,330375,209,41,6,0.99719
2026-07-13T20:00:00Z,62037.36,62237.43,61977.04,62138.66,470645,265,44,4,0.99719
2026-07-13T21:00:00Z,62138.66,62142.82,61876.01,62032.18,517645,239,47,5,0.99719
2026-07-13T22:00:00Z,62032.18,62148.99,61873.65,61874.11,340265,207,38,4,0.99719
2026-07-13T23:00:00Z,61874.11,62257.81,61846.28,62257.76,472806,326,46,6,0.99719
2026-07-14T00:00:00Z,62257.76,62562.00,61988.06,62497.52,961970,470,53,7,0.99719
2026-07-14T01:00:00Z,62497.52,62552.69,62425.27,62455.66,231852,217,43,5,0.99720
2026-07-14T02:00:00Z,62455.66,62554.30,62277.92,62493.74,354583,275,47,3,0.99720
2026-07-14T03:00:00Z,62493.74,62517.02,62283.22,62487.66,308175,296,49,3,0.99720
2026-07-14T04:00:00Z,62487.66,62683.67,62380.75,62671.85,326003,211,37,7,0.99727
2026-07-14T05:00:00Z,62671.85,62785.83,62406.11,62666.81,329315,187,39,7,0.99727
2026-07-14T06:00:00Z,62666.81,62706.59,62530.51,62534.85,155464,145,34,3,0.99727
2026-07-14T07:00:00Z,62534.85,62622.32,62473.88,62483.72,140469,145,33,3,0.99727
2026-07-14T08:00:00Z,62483.72,62708.12,62450.03,62637.91,195605,195,31,3,0.99727
2026-07-14T09:00:00Z,62637.91,62679.55,62489.06,62559.13,151037,161,36,2,0.99727
2026-07-14T10:00:00Z,62559.13,62824.11,62549.09,62765.51,449798,257,44,5,0.99727
2026-07-14T11:00:00Z,62765.51,62836.28,62644.87,62808.68,189168,159,41,4,0.99729
2026-07-14T12:00:00Z,62808.68,63894.17,62675.65,63841.71,3043937,930,53,7,1.00082
2026-07-14T13:00:00Z,63841.71,64077.22,63677.31,63856.74,1355927,759,59,6,1.00107
2026-07-14T14:00:00Z,63856.74,64203.06,63561.50,64203.06,1370531,569,57,6,1.00095
2026-07-14T15:00:00Z,64203.06,64877.06,64180.01,64724.82,2040475,846,59,7,1.00107
2026-07-14T16:00:00Z,64724.82,64842.84,64600.60,64711.53,496756,358,55,3,1.00113
2026-07-14T17:00:00Z,64711.53,64716.60,64391.74,64608.01,833030,471,59,7,1.00119
2026-07-14T18:00:00Z,64608.01,64610.47,64474.24,64543.70,196860,182,49,2,1.00119
2026-07-14T19:00:00Z,64543.70,64647.75,64486.93,64550.95,224968,244,51,2,1.00119
2026-07-14T20:00:00Z,64550.95,64553.73,64393.31,64542.64,137377,138,40,3,1.00119
2026-07-14T21:00:00Z,64542.64,64826.04,64518.55,64628.39,307682,206,37,7,1.00122
2026-07-14T22:00:00Z,64628.39,65047.50,64516.56,64857.73,800439,374,48,7,1.00133
2026-07-14T23:00:00Z,64857.73,64984.89,64666.82,64977.84,264284,226,45,3,1.00133
2026-07-15T00:00:00Z,64977.84,64998.78,64767.75,64795.21,122131,157,46,3,1.00133
2026-07-15T01:00:00Z,64795.21,64948.76,64643.58,64643.60,232682,209,47,6,1.00122
2026-07-15T02:00:00Z,64643.60,64829.92,64467.00,64489.08,308824,235,39,7,1.00116
2026-07-15T03:00:00Z,64489.08,64779.75,64467.00,64759.41,230159,211,39,3,1.00116
2026-07-15T04:00:00Z,64759.41,64823.99,64706.07,64720.54,263727,191,35,5,1.00109
2026-07-15T05:00:00Z,64720.54,64907.37,64563.77,64907.37,277280,231,45,7,1.00107
2026-07-15T06:00:00Z,64907.37,65213.28,64757.10,64976.67,799899,407,55,7,1.00111
2026-07-15T07:00:00Z,64976.67,65014.43,64473.61,64544.81,647545,296,46,7,1.00074
2026-07-15T08:00:00Z,64544.81,64717.95,64541.90,64709.76,162563,169,41,3,1.00074
2026-07-15T09:00:00Z,64709.76,64856.02,64621.46,64621.46,384184,175,44,7,1.00078
2026-07-15T10:00:00Z,64621.46,64785.35,64594.00,64617.62,159398,154,44,2,1.00078
2026-07-15T11:00:00Z,64617.62,64689.63,64604.22,64676.40,100665,143,36,2,1.00078
2026-07-15T12:00:00Z,64676.40,65132.88,64588.25,65121.97,1123684,549,49,7,1.00102
2026-07-15T13:00:00Z,65121.97,65494.49,64849.28,65045.76,1796044,935,59,6,1.00104
2026-07-15T14:00:00Z,65045.76,65420.42,65045.76,65376.24,1621976,738,57,7,1.00133
2026-07-15T15:00:00Z,65376.24,65524.30,65240.19,65364.57,827853,456,55,6,1.00102
2026-07-15T16:00:00Z,65364.57,65393.11,64772.95,65054.43,1032695,574,54,7,0.99902
2026-07-15T17:00:00Z,65054.43,65117.71,64922.16,65011.63,397137,286,46,5,1.00067
2026-07-15T18:00:00Z,65011.63,65076.89,64842.35,64842.35,223734,226,49,3,1.00067
2026-07-15T19:00:00Z,64842.35,64940.66,64730.25,64923.13,309856,258,41,6,1.00050
2026-07-15T20:00:00Z,64923.13,65025.44,64895.36,64967.07,84976,94,35,2,1.00050
2026-07-15T21:00:00Z,64967.07,64991.73,64782.26,64782.26,159509,100,37,3,1.00050
2026-07-15T22:00:00Z,64782.26,64919.18,64753.03,64867.45,172294,166,42,3,1.00050
2026-07-15T23:00:00Z,64867.45,64983.91,64690.08,64750.84,227717,129,27,6,0.99750
2026-07-16T00:00:00Z,64750.84,64851.15,64495.50,64575.11,418750,296,47,7,0.99735
2026-07-16T01:00:00Z,64575.11,64763.66,64384.88,64723.46,501465,355,47,7,0.99738
2026-07-16T02:00:00Z,64723.46,64723.46,64572.53,64603.08,142097,199,45,3,0.99738
2026-07-16T03:00:00Z,64603.08,64679.21,64496.67,64548.60,154769,195,43,3,0.99738
2026-07-16T04:00:00Z,64548.60,64725.10,64491.28,64579.87,104201,135,37,3,0.99738
2026-07-16T05:00:00Z,64579.87,64923.32,64578.13,64870.82,435090,282,40,7,1.00075
2026-07-16T06:00:00Z,64870.82,64901.46,64622.75,64707.81,213466,230,40,3,1.00039
2026-07-16T07:00:00Z,64707.81,64753.88,64076.81,64176.85,967051,421,47,7,0.99756
2026-07-16T08:00:00Z,64176.85,64285.83,63868.50,64057.51,1113589,581,51,6,0.99756
2026-07-16T09:00:00Z,64057.51,64128.90,64003.26,64006.16,142777,139,32,2,0.99756
2026-07-16T10:00:00Z,64006.16,64190.63,64006.16,64130.20,92584,161,43,3,0.99756
2026-07-16T11:00:00Z,64130.20,64195.11,64079.37,64185.37,224728,213,42,3,0.99756
2026-07-16T12:00:00Z,64185.37,64185.37,63849.47,63954.19,421059,279,47,6,0.99725
2026-07-16T13:00:00Z,63954.19,64402.72,63945.01,64305.69,902513,539,46,7,0.99730
2026-07-16T14:00:00Z,64305.69,64777.81,64075.52,64475.20,1298982,722,58,7,0.99727
2026-07-16T15:00:00Z,64475.20,64818.20,64315.56,64658.52,973316,488,51,7,0.99723
2026-07-16T16:00:00Z,64658.52,64658.52,64325.43,64470.68,574720,478,53,6,0.99730
2026-07-16T17:00:00Z,64470.68,64470.68,63986.28,64008.81,905636,509,51,7,0.99725
2026-07-16T18:00:00Z,64008.81,64287.26,64008.81,64240.00,302958,312,54,3,0.99725
2026-07-16T19:00:00Z,64240.00,64240.00,64139.65,64180.33,151114,181,49,2,0.99725
2026-07-16T20:00:00Z,64180.33,64218.94,64099.70,64099.96,76560,90,28,2,0.99725
2026-07-16T21:00:00Z,64099.96,64251.59,64092.52,64167.32,63270,67,30,2,0.99725
2026-07-16T22:00:00Z,64167.32,64173.68,63916.67,63916.67,297160,185,37,6,0.99714
2026-07-16T23:00:00Z,63916.67,64081.55,63735.71,63802.20,432638,263,45,6,0.99714
2026-07-17T00:00:00Z,63802.20,63889.65,63594.78,63812.42,542453,353,55,6,0.99714
2026-07-17T01:00:00Z,63812.42,63991.00,63432.45,63508.72,843589,546,51,6,0.99713
2026-07-17T02:00:00Z,63508.72,63592.25,63363.94,63424.74,502974,419,55,6,0.99713
2026-07-17T03:00:00Z,63424.74,63645.63,63424.74,63517.12,192929,202,40,2,0.99713
2026-07-17T04:00:00Z,63517.12,63517.12,63299.98,63447.99,272184,236,45,7,0.99710
2026-07-17T05:00:00Z,63447.99,63447.99,62790.78,62798.38,1066572,481,55,7,0.99698
2026-07-17T06:00:00Z,62798.38,62928.49,62698.08,62855.44,418835,304,54,6,0.99698
2026-07-17T07:00:00Z,62855.44,62921.69,62782.33,62799.72,234695,226,49,4,0.99703
2026-07-17T08:00:00Z,62799.72,62857.51,62522.82,62857.51,569436,371,56,4,0.99699
2026-07-17T09:00:00Z,62857.51,62980.69,62674.27,62940.37,233884,204,47,5,0.99700
2026-07-17T10:00:00Z,62940.37,63115.13,62709.17,62948.29,287495,208,36,6,0.99707
2026-07-17T11:00:00Z,62948.29,63289.87,62948.29,63269.82,389056,241,42,6,0.99710
2026-07-17T12:00:00Z,63269.82,63276.92,63015.04,63057.80,161457,174,53,2,0.99710
2026-07-17T13:00:00Z,63057.80,63057.80,62510.03,62883.23,1866598,922,55,7,0.99708
2026-07-17T14:00:00Z,62883.23,63430.03,62883.23,63162.17,1488709,799,58,6,0.99708
2026-07-17T15:00:00Z,63162.17,63328.56,62844.65,63195.07,1326392,707,54,7,0.99710
2026-07-17T16:00:00Z,63195.07,63638.17,63074.05,63558.83,851527,526,54,7,0.99723
2026-07-17T17:00:00Z,63558.83,64158.32,63468.01,64023.40,1321825,638,52,7,0.99744
2026-07-17T18:00:00Z,64023.40,64320.61,63887.40,64203.61,689542,486,55,7,0.99747
2026-07-17T19:00:00Z,64203.61,64203.61,63972.45,64141.51,203228,213,50,3,0.99747
2026-07-17T20:00:00Z,64141.51,64141.51,63938.90,64115.89,301945,251,49,4,0.99749
2026-07-17T21:00:00Z,64115.89,64161.70,64050.93,64066.38,72540,122,40,2,0.99749
2026-07-17T22:00:00Z,64066.38,64112.97,63917.59,63937.94,118442,119,35,6,0.99782
2026-07-17T23:00:00Z,63937.94,64040.17,63882.06,63924.51,134222,157,36,5,0.99782
2026-07-18T00:00:00Z,63924.51,63950.85,63859.72,63859.72,76070,108,29,2,0.99782
2026-07-18T01:00:00Z,63859.72,64040.05,63852.75,63922.87,52619,79,33,2,0.99782
2026-07-18T02:00:00Z,63922.87,63997.92,63872.94,63915.42,68674,89,39,2,0.99782
2026-07-18T03:00:00Z,63915.42,64040.20,63900.95,63957.09,26573,52,27,3,0.99782
2026-07-18T04:00:00Z,63957.09,64102.32,63905.19,63931.74,16473,59,36,4,1.00095
2026-07-18T05:00:00Z,63931.74,64037.07,63885.39,63963.05,15823,52,32,2,1.00095
2026-07-18T06:00:00Z,63963.05,64102.15,63900.05,63938.64,3131,19,14,2,1.00095
2026-07-18T07:00:00Z,63938.64,64101.54,63881.28,63965.20,19689,33,22,2,1.00095
2026-07-18T08:00:00Z,63965.20,64025.95,63893.12,64025.95,14353,32,21,2,1.00095
2026-07-18T09:00:00Z,64025.95,64025.95,63891.28,63921.55,18806,33,19,2,1.00095
2026-07-18T10:00:00Z,63921.55,63953.32,63901.15,63953.11,15346,35,24,1,1.00095
2026-07-18T11:00:00Z,63953.11,64022.68,63897.35,64021.92,33249,38,25,3,1.00095
2026-07-18T12:00:00Z,64021.92,64194.22,63968.19,64190.16,160161,186,46,3,1.00095
2026-07-18T13:00:00Z,64190.16,64190.16,63959.04,64037.50,147413,203,37,3,1.00095
2026-07-18T14:00:00Z,64037.50,64159.11,64037.50,64107.50,50088,84,23,3,1.00095
2026-07-18T15:00:00Z,64107.50,64107.59,64012.23,64099.73,68661,116,35,3,1.00095
2026-07-18T16:00:00Z,64099.73,64251.50,64009.62,64169.84,124863,85,23,7,1.00147
2026-07-18T17:00:00Z,64169.84,64428.90,64090.52,64376.67,412584,245,44,6,1.00169
2026-07-18T18:00:00Z,64376.67,64597.01,64376.67,64467.85,328263,167,25,7,1.00167
2026-07-18T19:00:00Z,64467.85,64534.11,64313.83,64505.87,134524,109,36,3,1.00166
2026-07-18T20:00:00Z,64505.87,64668.52,64387.97,64660.24,337132,243,46,6,1.00165
2026-07-18T21:00:00Z,64660.24,64808.77,64574.29,64726.32,425988,304,46,7,1.00165
2026-07-18T22:00:00Z,64726.32,64806.07,64629.38,64773.15,113481,159,38,4,1.00165
2026-07-18T23:00:00Z,64773.15,64785.69,64659.24,64785.44,56208,62,22,3,1.00165
2026-07-19T00:00:00Z,64785.44,64844.69,64636.82,64732.28,135221,93,28,4,1.00165
2026-07-19T01:00:00Z,64732.28,64764.45,64672.40,64749.98,6861,27,18,2,1.00165
2026-07-19T02:00:00Z,64749.98,64901.70,64695.00,64801.80,274799,225,35,7,1.00173
2026-07-19T03:00:00Z,64801.80,64813.74,64611.00,64645.43,88244,101,32,3,1.00173
2026-07-19T04:00:00Z,64645.43,64849.55,64601.15,64650.44,81405,98,33,3,1.00173
2026-07-19T05:00:00Z,64650.44,64760.54,64649.43,64690.14,60166,92,33,3,1.00173
2026-07-19T06:00:00Z,64690.14,64721.60,64619.99,64676.88,3431,37,27,3,1.00173
2026-07-19T07:00:00Z,64676.88,64718.72,64596.46,64664.66,43756,62,26,3,1.00173
2026-07-19T08:00:00Z,64664.66,64855.42,64540.12,64607.64,54263,69,27,3,1.00172
2026-07-19T09:00:00Z,64607.64,64784.14,64488.21,64488.25,229954,118,26,7,1.00169
2026-07-19T10:00:00Z,64488.25,64741.35,64437.61,64565.74,160140,155,40,6,1.00167
2026-07-19T11:00:00Z,64565.74,64708.60,64438.37,64699.37,150541,150,33,5,1.00166
2026-07-19T12:00:00Z,64699.37,64699.37,64260.01,64399.68,407064,265,44,6,1.00162
2026-07-19T13:00:00Z,64399.68,64458.27,64290.33,64445.33,130761,131,31,3,1.00162
2026-07-19T14:00:00Z,64445.33,64591.33,64363.77,64557.92,168233,163,33,3,1.00162
2026-07-19T15:00:00Z,64557.92,64600.24,64435.66,64472.65,60255,80,33,3,1.00162
2026-07-19T16:00:00Z,64472.65,64598.22,64321.76,64450.88,200501,165,41,3,1.00162
2026-07-19T17:00:00Z,64450.88,64681.00,64344.10,64531.21,450723,283,39,7,1.00146
2026-07-19T18:00:00Z,64531.21,64542.94,63881.56,64356.67,858214,219,39,7,0.99977
2026-07-19T19:00:00Z,64356.67,64437.72,64260.07,64396.69,95258,105,27,3,0.99977
2026-07-19T20:00:00Z,64396.69,64483.66,64273.44,64466.90,82148,49,16,3,0.99977
2026-07-19T21:00:00Z,64466.90,64491.49,64280.86,64349.48,113352,115,32,3,0.99977
2026-07-19T22:00:00Z,64349.48,64822.76,64338.39,64656.53,946542,542,52,7,0.99795
2026-07-19T23:00:00Z,64656.53,64704.57,64512.64,64672.78,254893,253,45,3,0.99795
2026-07-20T00:00:00Z,64672.78,65021.50,64432.67,64535.75,1408765,761,54,7,0.99938
2026-07-20T01:00:00Z,64535.75,64958.66,64497.40,64569.25,1117505,758,58,7,0.99835
2026-07-20T02:00:00Z,64569.25,64893.23,64569.25,64812.32,618372,506,51,6,0.99938
2026-07-20T03:00:00Z,64812.32,64843.84,64592.60,64796.81,292737,275,43,4,1.00011
2026-07-20T04:00:00Z,64796.81,64801.82,64525.27,64581.97,312293,269,47,7,0.99865
2026-07-20T05:00:00Z,64581.97,64605.79,64067.57,64099.48,1318291,702,53,7,0.99746
2026-07-20T06:00:00Z,64099.48,64226.98,63747.03,63864.80,961276,413,50,7,0.99716
2026-07-20T07:00:00Z,63864.80,64222.25,63762.73,64132.37,428060,269,40,7,0.99725
2026-07-20T08:00:00Z,64132.37,64275.47,63676.65,63978.89,1533941,416,48,7,0.99780
2026-07-20T09:00:00Z,63978.89,64396.04,63862.36,64178.15,356133,255,44,6,1.00065
2026-07-20T10:00:00Z,64178.15,64644.14,63726.27,64266.18,335034,237,39,7,1.00135
2026-07-20T11:00:00Z,64266.18,64985.69,64127.65,64975.38,1545845,590,49,7,1.00147
2026-07-20T12:00:00Z,64975.38,64975.38,64574.00,64673.97,677490,384,49,6,1.00149
2026-07-20T13:00:00Z,64673.97,64675.06,64186.42,64259.94,1303827,730,49,7,1.00141
2026-07-20T14:00:00Z,64259.94,64483.30,64103.84,64331.79,1172839,757,57,7,1.00137
2026-07-20T15:00:00Z,64331.79,65569.72,64331.79,65532.07,2488639,993,56,7,1.00141
2026-07-20T16:00:00Z,65532.07,65555.73,65229.86,65428.04,614221,476,53,4,1.00141
2026-07-20T17:00:00Z,65428.04,65583.80,65287.89,65556.69,253984,217,42,3,1.00141
2026-07-20T18:00:00Z,65556.69,65718.61,65198.97,65294.99,719390,385,50,7,1.00136
2026-07-20T19:00:00Z,65294.99,65373.36,65009.49,65108.18,485059,341,51,6,1.00127
2026-07-20T20:00:00Z,65108.18,65375.03,65049.87,65320.32,251431,198,35,4,1.00127
2026-07-20T21:00:00Z,65320.32,65391.84,65167.82,65262.77,139639,115,38,3,1.00127
2026-07-20T22:00:00Z,65262.77,65262.77,64996.84,65085.19,179374,161,35,3,1.00127
2026-07-20T23:00:00Z,65085.19,65206.04,65043.45,65206.04,149236,144,32,3,1.00127
2026-07-21T00:00:00Z,65206.04,65520.45,65024.87,65520.45,470297,347,52,6,1.00124
2026-07-21T01:00:00Z,65520.45,65593.46,65227.95,65390.66,537829,350,45,7,1.00124
2026-07-21T02:00:00Z,65390.66,65433.35,65168.22,65336.14,336627,312,47,6,1.00100
2026-07-21T03:00:00Z,65336.14,65525.69,65289.83,65388.80,255149,182,42,5,1.00104
2026-07-21T04:00:00Z,65388.80,65669.43,65388.80,65466.51,383277,304,45,6,1.00124
2026-07-21T05:00:00Z,65466.51,65836.38,65362.85,65694.84,527796,267,40,6,1.00136
2026-07-21T06:00:00Z,65694.84,66024.35,65499.91,65798.03,573374,343,49,6,1.00146
2026-07-21T07:00:00Z,65798.03,66172.23,65798.03,66000.63,502771,343,47,6,1.00146
2026-07-21T08:00:00Z,66000.63,66283.70,65995.56,66070.93,385340,370,50,6,1.00146
2026-07-21T09:00:00Z,66070.93,66295.74,66070.93,66255.22,202219,182,43,3,1.00146
2026-07-21T10:00:00Z,66255.22,66371.93,66126.39,66168.31,186472,207,44,5,1.00146
2026-07-21T11:00:00Z,66168.31,66540.64,66087.49,66285.70,152037,145,40,3,1.00146
2026-07-21T12:00:00Z,66285.70,66832.42,66201.07,66510.29,515364,325,51,6,1.00141
2026-07-21T13:00:00Z,66510.29,66736.69,66311.71,66719.73,623542,462,56,7,1.00146
2026-07-21T14:00:00Z,66719.73,66882.25,66640.85,66841.35,689856,583,58,7,1.00153
2026-07-21T15:00:00Z,66841.35,66841.35,66535.72,66677.34,297538,325,52,4,1.00158
2026-07-21T16:00:00Z,66677.34,66706.83,66456.39,66543.52,430512,315,49,6,1.00153
2026-07-21T17:00:00Z,66543.52,66657.99,65947.96,66148.41,1108234,390,56,6,1.00141
2026-07-21T18:00:00Z,66148.41,66304.65,66038.98,66271.33,425982,368,53,4,1.00106
2026-07-21T19:00:00Z,66271.33,66455.74,66056.74,66418.87,368458,277,58,7,1.00142
2026-07-21T20:00:00Z,66418.87,66434.58,66147.96,66227.51,575316,205,53,4,1.00141
2026-07-21T21:00:00Z,66227.51,66406.49,66195.59,66237.18,131670,176,48,3,1.00139
2026-07-21T22:00:00Z,66237.18,66433.84,66107.32,66245.89,256099,177,47,3,1.00108
2026-07-21T23:00:00Z,66245.89,66405.48,66087.09,66391.81,241723,210,45,6,1.00124
2026-07-22T00:00:00Z,66391.81,66670.60,66339.05,66374.62,444848,341,50,7,1.00139
2026-07-22T01:00:00Z,66374.62,66611.08,66275.53,66300.12,323546,386,52,6,1.00113
2026-07-22T02:00:00Z,66300.12,66493.45,66200.41,66291.52,329080,293,49,4,1.00110
2026-07-22T03:00:00Z,66291.52,66431.51,66165.65,66365.72,280985,285,50,6,1.00093
2026-07-22T04:00:00Z,66365.72,66415.18,66174.33,66333.10,126405,160,42,3,1.00070
2026-07-22T05:00:00Z,66333.10,66333.10,65934.01,65944.91,573327,328,44,7,1.00045
2026-07-22T06:00:00Z,65944.91,65994.80,65801.57,65898.46,179435,223,43,5,1.00045
2026-07-22T07:00:00Z,65898.46,65930.58,65680.53,65790.51,255798,215,39,6,0.99990
2026-07-22T08:00:00Z,65790.51,66080.12,65787.83,65926.06,243503,211,38,6,0.99990
2026-07-22T09:00:00Z,65926.06,66024.00,65780.82,65857.83,144682,175,39,3,0.99990
2026-07-22T10:00:00Z,65857.83,66039.50,65714.10,66014.74,226210,107,38,4,0.99990
2026-07-22T11:00:00Z,66014.74,66020.76,65688.83,65983.66,612796,144,33,4,1.00001
2026-07-22T12:00:00Z,65983.66,65983.67,65537.11,65600.47,469680,252,42,7,0.99972
2026-07-22T13:00:00Z,65600.47,65910.03,65492.45,65899.44,466221,410,48,5,0.99956
2026-07-22T14:00:00Z,65899.44,66086.00,65576.45,65738.41,1149383,758,54,7,0.99938
2026-07-22T15:00:00Z,65738.41,66112.82,65678.11,66000.60,522272,438,56,6,0.99945
2026-07-22T16:00:00Z,66000.60,66337.62,65871.02,66159.77,759697,443,54,7,0.99984
2026-07-22T17:00:00Z,66159.77,66225.69,65957.86,65993.41,395296,311,40,6,1.00014
2026-07-22T18:00:00Z,65993.41,66084.67,65685.05,65870.41,484686,311,44,7,1.00005
2026-07-22T19:00:00Z,65870.41,65901.93,65700.67,65811.52,237521,216,43,6,0.99938
2026-07-22T20:00:00Z,65811.52,65971.32,65795.42,65902.57,160993,140,33,2,0.99938
2026-07-22T21:00:00Z,65902.57,66072.76,65765.36,66039.10,172549,133,33,6,0.99837
2026-07-22T22:00:00Z,66039.10,66294.24,65894.42,65996.24,109415,118,32,2,0.99837
2026-07-22T23:00:00Z,65996.24,66186.53,65846.60,66083.24,183462,198,35,3,0.99837
2026-07-23T00:00:00Z,66083.24,66252.41,65719.89,66054.82,422540,322,50,6,0.99756
2026-07-23T01:00:00Z,66054.82,66147.69,65740.83,65810.96,442666,325,41,7,0.99749
2026-07-23T02:00:00Z,65810.96,65910.30,65627.48,65765.56,305046,209,38,6,0.99735
2026-07-23T03:00:00Z,65765.56,65765.64,65559.27,65638.71,201821,202,37,7,0.99735
2026-07-23T04:00:00Z,65638.71,65744.80,65425.79,65589.31,255851,145,40,3,0.99735
2026-07-23T05:00:00Z,65589.31,65735.86,65489.07,65646.21,149752,166,39,3,0.99735
2026-07-23T06:00:00Z,65646.21,65757.33,65626.47,65754.94,107935,122,29,2,0.99735
2026-07-23T07:00:00Z,65754.94,65754.94,65304.45,65397.05,377533,237,41,7,0.99721
2026-07-23T08:00:00Z,65397.05,65757.83,65363.31,65595.96,127403,120,38,3,0.99721
2026-07-23T09:00:00Z,65595.96,65693.86,65476.52,65587.37,101047,111,31,4,0.99721
2026-07-23T10:00:00Z,65587.37,65836.40,65498.35,65723.42,115341,113,34,5,0.99721
2026-07-23T11:00:00Z,65723.42,65723.42,65352.57,65544.40,100730,112,33,3,0.99721
2026-07-23T12:00:00Z,65544.40,65544.40,64984.64,65129.24,884937,508,47,7,0.99722
2026-07-23T13:00:00Z,65129.24,65169.98,64856.23,64874.77,803163,614,59,6,0.99722
2026-07-23T14:00:00Z,64874.77,65146.12,64788.10,64841.73,496979,444,53,4,0.99722
2026-07-23T15:00:00Z,64841.73,64952.23,64715.49,64894.12,564116,430,50,6,0.99720
2026-07-23T16:00:00Z,64894.12,64934.02,64667.70,64733.47,238471,259,46,4,0.99720
2026-07-23T17:00:00Z,64733.47,64814.30,64620.31,64626.51,192809,179,46,5,0.99720
2026-07-23T18:00:00Z,64626.51,64870.33,64601.80,64830.75,147691,168,40,3,0.99720
2026-07-23T19:00:00Z,64830.75,64861.13,64653.52,64790.44,267572,216,44,3,0.99720
2026-07-23T20:00:00Z,64790.44,65128.12,64682.87,65022.63,364819,172,32,6,0.99732
2026-07-23T21:00:00Z,65022.63,65135.42,64770.92,65090.69,142553,167,39,3,0.99732
2026-07-23T22:00:00Z,65090.69,65156.19,64922.16,65126.88,191649,177,36,7,0.99733
2026-07-23T23:00:00Z,65126.88,65152.91,64794.92,65041.35,77683,104,32,3,0.99733
2026-07-24T00:00:00Z,65041.35,65041.35,64724.77,64905.50,362352,286,41,7,0.99724
2026-07-24T01:00:00Z,64905.50,65097.21,64855.49,65041.92,214990,222,48,4,0.99735
2026-07-24T02:00:00Z,65041.92,65115.01,64886.45,65041.26,285605,267,42,5,0.99746
2026-07-24T03:00:00Z,65041.26,65389.80,64895.15,65131.02,547215,264,43,7,0.99885
2026-07-24T04:00:00Z,65131.02,65393.94,65131.02,65254.79,117341,125,30,6,0.99885
2026-07-24T05:00:00Z,65254.79,65323.07,65141.09,65262.88,93973,108,29,3,0.99885
2026-07-24T06:00:00Z,65262.88,65440.77,65229.23,65360.35,191225,150,28,6,1.00006
2026-07-24T07:00:00Z,65360.35,65738.10,65224.30,65440.98,793317,446,46,7,1.00136
2026-07-24T08:00:00Z,65440.98,65458.07,65297.45,65297.45,202644,209,39,6,1.00133
2026-07-24T09:00:00Z,65297.45,65396.46,64893.15,65066.32,631644,330,45,7,1.00005
2026-07-24T10:00:00Z,65066.32,65129.84,64893.20,64893.20,158426,155,33,6,0.99827
2026-07-24T11:00:00Z,64893.20,65022.23,64838.86,65022.23,289807,240,43,6,0.99770
2026-07-24T12:00:00Z,65022.23,65063.50,64763.51,64763.51,334583,236,49,6,1.00126
2026-07-24T13:00:00Z,64763.51,64840.84,63893.85,64046.76,1853559,850,60,7,0.99743
2026-07-24T14:00:00Z,64046.76,64117.64,63695.08,63969.26,1048864,618,55,7,0.99734
2026-07-24T15:00:00Z,63969.26,64237.53,63826.23,64058.49,977895,688,60,7,0.99768
2026-07-24T16:00:00Z,64058.49,64114.80,63856.13,63925.92,326019,283,47,6,0.99766
2026-07-24T17:00:00Z,63925.92,64115.29,63863.38,64115.29,146822,166,36,3,0.99766
2026-07-24T18:00:00Z,64115.29,64157.21,63871.58,64049.35,119305,114,30,6,0.99768
2026-07-24T19:00:00Z,64049.35,64209.57,64049.35,64152.37,136796,133,39,3,0.99768
2026-07-24T20:00:00Z,64152.37,64203.46,64052.19,64107.70,144866,107,29,2,0.99768
2026-07-24T21:00:00Z,64107.70,64136.21,64088.41,64088.41,43727,61,26,2,0.99768
2026-07-24T22:00:00Z,64088.41,64130.73,64047.08,64130.72,19374,46,25,2,0.99768
2026-07-24T23:00:00Z,64130.72,64135.15,64052.20,64113.48,9023,31,20,2,0.99768
2026-07-25T00:00:00Z,64113.48,64235.78,63962.92,64008.24,360789,95,31,2,0.99768
2026-07-25T01:00:00Z,64008.24,64078.01,63951.08,64038.07,114501,136,30,3,0.99768
2026-07-25T02:00:00Z,64038.07,64046.56,63963.88,64046.56,20552,46,27,2,0.99768
2026-07-25T03:00:00Z,64046.56,64052.38,63987.67,64004.32,18780,35,22,1,0.99768
2026-07-25T04:00:00Z,64004.32,64117.17,64004.32,64117.17,50906,92,32,2,0.99768
2026-07-25T05:00:00Z,64117.17,64117.17,63883.93,63883.93,70835,67,22,3,0.99768
2026-07-25T06:00:00Z,63883.93,63978.54,63883.93,63932.73,36476,56,30,2,0.99768
2026-07-25T07:00:00Z,63932.73,63977.33,63908.74,63924.00,20113,33,24,2,0.99768
2026-07-25T08:00:00Z,63924.00,64043.47,63727.03,63808.89,228175,123,26,6,0.99691
2026-07-25T09:00:00Z,63808.89,63999.39,63794.88,63945.63,95673,121,32,3,0.99691
2026-07-25T10:00:00Z,63945.63,63981.96,63774.69,63981.96,32105,56,30,2,0.99691
2026-07-25T11:00:00Z,63981.96,64026.09,63774.87,64020.71,22944,43,26,2,0.99691
2026-07-25T12:00:00Z,64020.71,64034.06,63774.31,64034.06,15681,43,24,2,0.99691
2026-07-25T13:00:00Z,64034.06,64181.41,63907.37,64015.51,188844,154,37,7,0.99841
2026-07-25T14:00:00Z,64015.51,64137.16,64015.51,64137.16,29655,47,24,2,0.99841
2026-07-25T15:00:00Z,64137.16,64214.34,63992.22,64143.93,53156,95,34,4,0.99841
2026-07-25T16:00:00Z,64143.93,64194.08,64073.76,64157.72,51750,69,27,3,0.99841
2026-07-25T17:00:00Z,64157.72,64262.16,64038.99,64224.36,106206,112,29,6,1.00151
2026-07-25T18:00:00Z,64224.36,64368.43,64139.12,64363.39,254527,121,32,7,1.00137
2026-07-25T19:00:00Z,64363.39,64420.35,64163.73,64358.77,20234,23,14,2,1.00137
2026-07-25T20:00:00Z,64358.77,64358.77,64247.24,64284.26,33173,61,28,3,1.00137
2026-07-25T21:00:00Z,64284.26,64345.62,64198.94,64315.41,84116,85,31,4,1.00132
2026-07-25T22:00:00Z,64315.41,64345.74,64285.39,64342.64,27996,39,17,2,1.00132
2026-07-25T23:00:00Z,64342.64,64348.19,64208.46,64338.97,7667,30,20,2,1.00132
2026-07-26T00:00:00Z,64338.97,64422.21,64170.21,64373.71,158399,159,35,7,1.00141
2026-07-26T01:00:00Z,64373.71,64462.20,64259.01,64408.69,72149,45,19,6,1.00141
2026-07-26T02:00:00Z,64408.69,64442.64,64380.74,64442.64,21495,51,23,2,1.00141
2026-07-26T03:00:00Z,64442.64,64497.09,64261.73,64336.80,90218,77,22,5,1.00141
2026-07-26T04:00:00Z,64336.80,64514.08,64305.04,64491.96,64828,93,29,6,1.00141
2026-07-26T05:00:00Z,64491.96,64573.68,64325.76,64386.23,55085,76,34,3,1.00141
2026-07-26T06:00:00Z,64386.23,64386.23,64234.43,64368.30,126450,135,37,2,1.00141
2026-07-26T07:00:00Z,64368.30,64375.33,64269.69,64346.39,28654,51,26,3,1.00141
2026-07-26T08:00:00Z,64346.39,64408.16,64049.91,64406.54,42261,69,24,3,1.00141
2026-07-26T09:00:00Z,64406.54,64492.60,64381.30,64466.32,27697,43,24,2,1.00141
2026-07-26T10:00:00Z,64466.32,64530.33,64352.60,64487.30,35125,35,20,3,1.00141
2026-07-26T11:00:00Z,64487.30,64493.61,64449.19,64466.46,12486,39,19,3,1.00141
2026-07-26T12:00:00Z,64466.46,64655.65,64243.62,64412.70,199122,172,37,7,1.00151
2026-07-26T13:00:00Z,64412.70,64527.75,64347.97,64485.09,104896,106,33,3,1.00151
2026-07-26T14:00:00Z,64485.09,64680.57,64328.21,64660.44,381954,199,33,6,1.00151
2026-07-26T15:00:00Z,64660.44,64743.26,64487.67,64718.04,182473,175,42,5,1.00152
2026-07-26T16:00:00Z,64718.04,64853.88,64672.47,64703.74,289647,179,38,7,1.00153
2026-07-26T17:00:00Z,64703.74,64757.78,64620.18,64620.18,105337,143,35,3,1.00153
2026-07-26T18:00:00Z,64620.18,64797.60,64618.09,64667.21,33108,36,16,2,1.00153
2026-07-26T19:00:00Z,64667.21,64816.04,64622.77,64643.73,51390,75,31,2,1.00153
2026-07-26T20:00:00Z,64643.73,64659.77,64572.77,64611.34,39068,57,26,2,1.00153
2026-07-26T21:00:00Z,64611.34,64838.21,64611.34,64644.71,125218,148,39,2,1.00153
2026-07-26T22:00:00Z,64644.71,65418.28,64644.71,65350.19,1242501,453,48,7,1.00156
2026-07-26T23:00:00Z,65350.19,65507.13,65239.87,65319.79,497703,356,50,4,1.00156
2026-07-27T00:00:00Z,65319.79,65387.26,65039.33,65045.32,361852,293,46,6,1.00154
2026-07-27T01:00:00Z,65045.32,65175.59,64877.48,65130.63,496721,380,42,7,1.00137
2026-07-27T02:00:00Z,65130.63,65188.50,65088.23,65119.90,148022,153,35,3,1.00137
2026-07-27T03:00:00Z,65119.90,65275.43,65051.23,65244.93,313830,243,42,6,1.00153
2026-07-27T04:00:00Z,65244.93,65391.64,65169.96,65254.19,457934,386,55,6,1.00152
2026-07-27T05:00:00Z,65254.19,65431.33,65209.70,65431.33,132168,171,43,6,1.00153
2026-07-27T06:00:00Z,65431.33,65631.40,65366.89,65368.47,622452,401,54,7,1.00151
2026-07-27T07:00:00Z,65368.47,65445.59,65193.40,65195.23,312745,259,44,7,1.00127
2026-07-27T08:00:00Z,65195.23,65431.76,64889.81,65059.64,221139,175,38,7,1.00124
2026-07-27T09:00:00Z,65059.64,65298.24,65055.98,65238.78,173687,149,40,6,1.00120
2026-07-27T10:00:00Z,65238.78,65351.39,65177.48,65307.85,113933,157,39,3,1.00120
2026-07-27T11:00:00Z,65307.85,65419.94,65069.60,65132.43,148860,147,42,4,1.00120
2026-07-27T12:00:00Z,65132.43,65341.29,64817.97,65026.50,630275,398,50,7,1.00116
2026-07-27T13:00:00Z,65026.50,65623.32,64882.33,65334.19,1690411,846,57,7,1.00120
2026-07-27T14:00:00Z,65334.19,65339.13,64429.77,64607.56,2528454,1224,59,7,0.99728
2026-07-27T15:00:00Z,64607.56,64685.86,64378.17,64515.77,732119,518,51,5,0.99711
2026-07-27T16:00:00Z,64515.77,64873.98,64454.55,64802.59,610202,395,50,7,0.99713
2026-07-27T17:00:00Z,64802.59,65001.80,64683.80,64944.33,371706,262,40,7,0.99728
2026-07-27T18:00:00Z,64944.33,64969.33,64721.80,64790.85,271669,239,48,3,0.99728
2026-07-27T19:00:00Z,64790.85,65198.73,64781.38,64891.65,243138,263,48,4,0.99728
2026-07-27T20:00:00Z,64891.65,65020.48,64828.92,64878.21,162261,170,47,3,0.99728
2026-07-27T21:00:00Z,64878.21,64894.40,64768.62,64842.10,75760,87,29,2,0.99728
2026-07-27T22:00:00Z,64842.10,64842.10,63785.00,63790.83,1925825,551,47,7,0.99696
2026-07-27T23:00:00Z,63790.83,63866.51,63590.01,63713.25,1056869,528,57,7,0.99696
2026-07-28T00:00:00Z,63713.25,63743.90,63447.39,63470.41,704234,531,54,6,0.99697
2026-07-28T01:00:00Z,63470.41,63470.41,63093.76,63171.35,1088203,522,55,7,0.99700
2026-07-28T02:00:00Z,63171.35,63247.39,63078.00,63118.62,153613,173,41,4,0.99700
2026-07-28T03:00:00Z,63118.62,63288.21,63113.79,63260.86,163620,187,47,2,0.99700
2026-07-28T04:00:00Z,63260.86,63341.66,63191.99,63268.96,86701,133,39,3,0.99700
2026-07-28T05:00:00Z,63268.96,63530.73,63084.26,63425.48,391347,258,37,6,0.99697
2026-07-28T06:00:00Z,63425.48,63498.14,63240.40,63269.16,183820,174,42,7,0.99697
2026-07-28T07:00:00Z,63269.16,63567.67,63269.16,63434.85,128995,127,33,3,0.99697
2026-07-28T08:00:00Z,63434.85,63448.34,63371.05,63372.12,90411,122,34,3,0.99697
2026-07-28T09:00:00Z,63372.12,63487.67,63330.12,63336.39,141107,154,32,3,0.99697
2026-07-28T10:00:00Z,63336.39,63500.97,63260.97,63443.46,196244,196,45,3,0.99697
2026-07-28T11:00:00Z,63443.46,63510.88,63199.50,63199.50,400299,317,48,3,0.99697
2026-07-28T12:00:00Z,63199.50,63499.18,63199.50,63487.99,181137,147,43,3,0.99707
2026-07-28T13:00:00Z,63487.99,63495.64,62724.99,63027.20,1630108,831,50,7,0.99696
2026-07-28T14:00:00Z,63027.20,63452.78,62861.05,63369.28,1271492,802,57,7,0.99721
2026-07-28T15:00:00Z,63369.28,63931.58,63234.75,63847.96,1666884,843,57,7,0.99734
2026-07-28T16:00:00Z,63847.96,64025.27,63740.07,63997.38,423441,341,51,5,0.99734
2026-07-28T17:00:00Z,63997.38,63997.38,63474.15,63603.58,669232,425,53,7,0.99724
2026-07-28T18:00:00Z,63603.58,63760.87,63459.43,63481.43,235406,209,39,3,0.99724
2026-07-28T19:00:00Z,63481.43,63821.03,63481.43,63550.83,313772,266,39,4,0.99724
2026-07-28T20:00:00Z,63550.83,63922.29,63550.83,63848.98,280451,202,36,7,0.99734
2026-07-28T21:00:00Z,63848.98,63973.32,63697.25,63929.12,191051,171,40,6,0.99742
2026-07-28T22:00:00Z,63929.12,63931.72,63730.32,63744.38,166583,208,44,3,0.99742
2026-07-28T23:00:00Z,63744.38,63875.65,63518.28,63856.10,458489,355,47,6,1.00066
2026-07-29T00:00:00Z,63856.10,64089.31,63805.66,63894.56,789936,544,52,7,1.00106
2026-07-29T01:00:00Z,63894.56,63923.81,63649.20,63649.20,468016,400,53,6,1.00112
2026-07-29T02:00:00Z,63649.20,64024.77,63614.61,63891.67,1518836,475,52,6,1.00113
2026-07-29T03:00:00Z,63891.67,63988.57,63663.82,63979.81,750883,362,49,6,1.00113
2026-07-29T04:00:00Z,63979.81,63979.81,63560.67,63865.11,469010,420,46,6,1.00106
2026-07-29T05:00:00Z,63865.11,63995.14,63718.97,63835.33,300357,282,46,7,1.00112
2026-07-29T06:00:00Z,63835.33,64366.49,63835.33,64364.73,669486,283,40,7,1.00099
2026-07-29T07:00:00Z,64364.73,64461.15,64217.80,64461.15,241594,181,45,7,1.00104
2026-07-29T08:00:00Z,64461.15,64486.16,64242.37,64373.48,250527,291,38,5,1.00108
2026-07-29T09:00:00Z,64373.48,64646.48,64343.81,64616.39,431343,272,44,7,1.00112
2026-07-29T10:00:00Z,64616.39,64646.49,64373.76,64386.83,207314,208,42,3,1.00112
2026-07-29T11:00:00Z,64386.83,64497.75,64380.95,64413.18,138237,186,43,2,1.00112
2026-07-29T12:00:00Z,64413.18,64569.27,64178.55,64195.55,309942,277,44,7,1.00104
2026-07-29T13:00:00Z,64195.55,64576.31,64118.46,64576.31,1359466,704,51,6,1.00112
2026-07-29T14:00:00Z,64576.31,64626.10,64016.88,64069.35,1325345,854,55,6,1.00095
2026-07-29T15:00:00Z,64069.35,64148.75,63852.63,63889.96,810225,510,52,6,1.00087
2026-07-29T16:00:00Z,63889.96,64043.38,63599.70,63727.86,825374,498,52,7,1.00068
2026-07-29T17:00:00Z,63727.86,64142.62,63670.85,64132.66,743757,398,52,7,1.00085
2026-07-29T18:00:00Z,64132.66,64549.10,63813.27,64422.05,3474147,1192,59,7,1.00086
2026-07-29T19:00:00Z,64422.05,64510.97,63490.57,63527.67,2221860,1065,59,7,1.00064
2026-07-29T20:00:00Z,63527.67,63654.58,63343.23,63439.34,1069758,709,55,7,0.99755
2026-07-29T21:00:00Z,63439.34,63771.99,63245.06,63771.45,900132,471,50,7,0.99754
2026-07-29T22:00:00Z,63771.45,64042.13,63720.11,63872.08,843844,414,47,7,1.00040
2026-07-29T23:00:00Z,63872.08,64015.34,63854.94,63936.60,223098,218,46,3,1.00040
2026-07-30T00:00:00Z,63936.60,64024.29,63564.69,63594.73,457668,309,51,7,0.99890
2026-07-30T01:00:00Z,63594.73,64274.21,63594.73,64232.47,1082705,577,52,7,1.00075
2026-07-30T02:00:00Z,64232.47,64309.59,64123.09,64123.09,388887,319,49,7,1.00072
2026-07-30T03:00:00Z,64123.09,64204.48,64093.25,64119.85,210443,233,42,3,1.00072
2026-07-30T04:00:00Z,64119.85,64272.81,63954.38,64128.32,148206,154,41,6,1.00082
2026-07-30T05:00:00Z,64128.32,64128.32,63872.43,63973.97,413257,310,42,6,1.00052
2026-07-30T06:00:00Z,63973.97,63986.28,63874.05,63899.92,98008,117,28,2,1.00052
2026-07-30T07:00:00Z,63899.92,64057.65,63899.92,63942.71,297472,237,39,3,1.00052
2026-07-30T08:00:00Z,63942.71,64251.46,63935.49,64238.30,424008,237,42,7,0.99805
2026-07-30T09:00:00Z,64238.30,64537.50,64142.14,64523.47,597973,322,49,7,1.00026
2026-07-30T10:00:00Z,64523.47,64617.46,64376.50,64524.39,152195,65,33,4,1.00026
2026-07-30T11:00:00Z,64524.39,64781.36,64456.53,64738.03,391243,215,41,7,1.00033
2026-07-30T12:00:00Z,64738.03,64927.65,64676.94,64845.55,443422,255,45,6,1.00086
2026-07-30T13:00:00Z,64845.55,65070.25,64653.63,64976.06,657201,338,46,6,1.00090
2026-07-30T14:00:00Z,64976.06,65038.61,64597.64,64621.09,677063,394,49,7,1.00094
2026-07-30T15:00:00Z,64621.09,64805.02,64579.70,64663.68,348194,290,46,3,1.00094
2026-07-30T16:00:00Z,64663.68,64880.26,64663.68,64769.91,175251,166,37,2,1.00094
2026-07-30T17:00:00Z,64769.91,64905.24,64746.42,64832.62,248532,238,47,3,1.00094
2026-07-30T18:00:00Z,64832.62,64832.62,64663.82,64663.82,91346,107,32,3,1.00094
2026-07-30T19:00:00Z,64663.82,64850.36,64663.82,64768.05,125742,108,34,3,1.00094
2026-07-30T20:00:00Z,64768.05,64895.62,64719.92,64761.40,241803,222,45,3,1.00094
2026-07-30T21:00:00Z,64761.40,64779.90,64687.03,64687.03,44471,66,29,2,1.00094
2026-07-30T22:00:00Z,64687.03,64947.66,64651.29,64816.35,246822,200,37,4,1.00119
2026-07-30T23:00:00Z,64816.35,65027.34,64700.30,64724.67,405755,269,41,7,1.00119
2026-07-31T00:00:00Z,64724.67,64963.64,64680.58,64739.49,230110,180,41,4,1.00119
2026-07-31T01:00:00Z,64739.49,65330.52,64495.45,64524.28,2075638,830,56,7,1.00117
2026-07-31T02:00:00Z,64524.28,64542.20,64189.10,64220.95,770380,446,51,7,0.99822
2026-07-31T03:00:00Z,64220.95,64361.03,64158.41,64341.57,270933,211,45,5,0.99819
2026-07-31T04:00:00Z,64341.57,64361.64,64215.95,64283.37,135272,137,35,3,0.99819
2026-07-31T05:00:00Z,64283.37,64343.61,64252.78,64293.45,104751,107,34,2,0.99819
2026-07-31T06:00:00Z,64293.45,64421.36,64184.53,64205.26,182463,187,41,3,0.99819
2026-07-31T07:00:00Z,64205.26,64205.26,63846.43,63925.99,770330,417,49,7,0.99760
2026-07-31T08:00:00Z,63925.99,63983.03,63789.06,63789.16,373687,261,49,4,0.99736
2026-07-31T09:00:00Z,63789.16,63916.88,63600.65,63652.68,364374,224,39,7,0.99707
2026-07-31T10:00:00Z,63652.68,63877.71,63593.98,63877.71,200901,183,42,6,0.99707
2026-07-31T11:00:00Z,63877.71,63930.28,63626.97,63764.51,190932,198,43,4,0.99707
2026-07-31T12:00:00Z,63764.51,63764.51,63603.46,63678.81,173718,181,40,4,0.99707
2026-07-31T13:00:00Z,63678.81,63761.91,63213.96,63214.09,1088222,521,51,7,0.99695
2026-07-31T14:00:00Z,63214.09,63227.65,62476.83,62641.63,2854970,1190,60,7,0.99693
2026-07-31T15:00:00Z,62641.63,62673.19,62245.14,62659.94,1061881,413,55,3,0.99693
2026-07-31T16:00:00Z,62659.94,62936.82,62537.90,62804.64,310271,246,50,5,0.99693
2026-07-31T17:00:00Z,62804.64,63208.88,62561.60,63208.23,769531,443,51,6,0.99700
2026-07-31T18:00:00Z,63208.23,63215.02,62920.19,63073.36,273406,247,45,3,0.99700
2026-07-31T19:00:00Z,63073.36,63082.67,62908.92,62933.09,135896,126,35,2,0.99700
2026-07-31T20:00:00Z,62933.09,62969.86,62869.02,62877.57,57843,77,30,3,0.99700
2026-07-31T21:00:00Z,62877.57,62983.72,62823.06,62905.28,206706,186,38,5,0.99699
2026-07-31T22:00:00Z,62905.28,62988.80,62846.03,62893.94,107058,108,33,2,0.99699
2026-07-31T23:00:00Z,62893.94,62949.16,62785.54,62804.50,405094,156,36,3,0.99699
2026-08-01T00:00:00Z,62804.50,62950.93,62795.95,62912.55,318545,231,43,3,0.99698
2026-08-01T01:00:00Z,62912.55,63022.73,62840.30,62840.30,30826,61,36,3,0.99698
2026-08-01T02:00:00Z,62840.30,63050.07,62801.77,63027.37,65949,100,37,3,0.99698
2026-08-01T03:00:00Z,63027.37,63103.62,62895.69,62951.56,75254,97,36,3,0.99698
2026-08-01T04:00:00Z,62951.56,63138.37,62951.56,63032.13,100205,84,35,2,0.99698
2026-08-01T05:00:00Z,63032.13,63067.69,62901.93,62976.11,75221,74,33,2,0.99698
2026-08-01T06:00:00Z,62976.11,63040.25,62969.91,63004.18,29653,54,28,4,0.99698
2026-08-01T07:00:00Z,63004.18,63084.98,63002.01,63005.34,26279,50,27,2,0.99698
2026-08-01T08:00:00Z,63005.34,63074.15,63005.34,63074.15,33641,76,36,3,0.99698
2026-08-01T09:00:00Z,63074.15,63119.76,62996.45,63018.16,28484,54,22,3,0.99698
2026-08-01T10:00:00Z,63018.16,63147.86,62962.63,62996.42,72713,95,29,3,0.99698
2026-08-01T11:00:00Z,62996.42,63099.08,62994.67,63042.20,18139,38,19,3,0.99698
2026-08-01T12:00:00Z,63042.20,63095.84,63019.90,63095.84,21269,58,35,2,0.99698
2026-08-01T13:00:00Z,63095.84,63107.58,63031.37,63031.37,4418,22,19,3,0.99698
2026-08-01T14:00:00Z,63031.37,63239.40,63031.37,63049.64,50949,45,25,2,0.99698
2026-08-01T15:00:00Z,63049.64,63141.22,62979.91,62979.91,38986,67,28,3,0.99698
2026-08-01T16:00:00Z,62979.91,63039.72,62855.01,62856.64,111308,100,36,3,0.99698
2026-08-01T17:00:00Z,62856.64,62994.26,62640.99,62645.42,434571,242,49,7,0.99711
2026-08-01T18:00:00Z,62645.42,62851.14,62258.72,62511.42,1243595,592,51,7,0.99688
2026-08-01T19:00:00Z,62511.42,62573.77,62441.57,62468.63,209165,203,43,3,0.99688
2026-08-01T20:00:00Z,62468.63,62601.51,62438.12,62438.12,169111,144,35,7,0.99695
2026-08-01T21:00:00Z,62438.12,62811.85,62438.12,62756.83,385300,188,37,7,0.99704
2026-08-01T22:00:00Z,62756.83,62832.86,62516.92,62795.06,101146,77,27,4,0.99704
2026-08-01T23:00:00Z,62795.06,62825.00,62721.08,62805.50,39900,92,40,3,0.99704
2026-08-02T00:00:00Z,62805.50,62934.69,62566.53,62859.30,503507,210,46,7,0.99711
2026-08-02T01:00:00Z,62859.30,63048.38,62784.45,63015.30,260575,153,40,7,0.99715
2026-08-02T02:00:00Z,63015.30,63460.43,62926.98,63394.53,1394034,520,47,7,0.99728
2026-08-02T03:00:00Z,63394.53,63468.05,63347.30,63404.32,129942,101,34,3,0.99728
2026-08-02T04:00:00Z,63404.32,63524.54,63243.51,63524.54,137379,131,33,7,0.99731
2026-08-02T05:00:00Z,63524.54,63551.22,63263.95,63391.15,116595,108,38,6,0.99891
2026-08-02T06:00:00Z,63391.15,63479.84,63338.74,63411.80,43113,51,30,2,0.99891
2026-08-02T07:00:00Z,63411.80,63481.51,63376.60,63455.77,33758,64,33,2,0.99891
2026-08-02T08:00:00Z,63455.77,63508.59,63143.81,63143.81,322801,197,43,6,0.99728
2026-08-02T09:00:00Z,63143.81,63332.88,63069.64,63227.32,246059,212,29,7,0.99721
2026-08-02T10:00:00Z,63227.32,63286.92,63101.74,63136.59,97306,118,33,3,0.99721
2026-08-02T11:00:00Z,63136.59,63231.15,62961.22,62962.11,334066,174,38,7,0.99715
2026-08-02T12:00:00Z,62962.11,63151.04,62962.11,63085.46,132995,118,26,4,0.99718
2026-08-02T13:00:00Z,63085.46,63173.43,62983.19,63137.29,94154,118,32,3,0.99718
2026-08-02T14:00:00Z,63137.29,63137.29,62996.08,63062.70,79493,80,33,3,0.99718
2026-08-02T15:00:00Z,63062.70,63120.30,63027.59,63088.26,51831,57,23,2,0.99718
2026-08-02T16:00:00Z,63088.26,63274.60,63045.71,63122.97,227520,122,37,3,0.99718
2026-08-02T17:00:00Z,63122.97,63303.01,63088.08,63256.61,99113,92,31,3,0.99718
2026-08-02T18:00:00Z,63256.61,63547.49,63145.05,63342.99,522916,267,33,7,1.00142
2026-08-02T19:00:00Z,63342.99,63459.24,63286.15,63370.87,129052,124,39,3,1.00142
2026-08-02T20:00:00Z,63370.87,63499.56,63345.59,63418.61,58295,91,35,2,1.00142
2026-08-02T21:00:00Z,63418.61,63697.13,63398.09,63521.48,518907,269,40,7,1.00131
2026-08-02T22:00:00Z,63521.48,63707.80,63344.12,63391.66,525244,390,51,6,1.00134
2026-08-02T23:00:00Z,63391.66,63685.97,63309.68,63484.88,237722,175,40,6,1.00129
2026-08-03T00:00:00Z,63484.88,63521.29,63177.13,63262.41,483203,325,47,7,1.00067
2026-08-03T01:00:00Z,63262.41,63341.47,63073.55,63132.54,396553,227,41,7,0.99806
2026-08-03T02:00:00Z,63132.54,63197.39,63063.15,63079.81,219768,200,37,7,0.99697
2026-08-03T03:00:00Z,63079.81,63264.42,62738.94,62832.33,632889,289,44,7,0.99685
2026-08-03T04:00:00Z,62832.33,63003.12,62767.18,62824.67,239926,211,44,5,0.99685
2026-08-03T05:00:00Z,62824.67,62907.94,62714.54,62766.82,174486,164,48,6,0.99676
2026-08-03T06:00:00Z,62766.82,62908.18,62573.55,62573.55,321187,191,39,6,0.99668
2026-08-03T07:00:00Z,62573.55,62713.37,62517.64,62539.16,235295,214,45,6,0.99668
2026-08-03T08:00:00Z,62539.16,62687.41,62253.34,62465.32,684502,365,47,7,0.99658
2026-08-03T09:00:00Z,62465.32,62771.24,62346.62,62771.24,471899,264,42,6,0.99658
2026-08-03T10:00:00Z,62771.24,62785.58,62499.36,62686.31,326362,194,37,3,0.99658
2026-08-03T11:00:00Z,62686.31,62714.57,62500.31,62513.36,273044,247,40,3,0.99658
2026-08-03T12:00:00Z,62513.36,62731.66,62403.66,62651.17,330771,235,43,6,0.99657
2026-08-03T13:00:00Z,62651.17,63235.62,62558.98,63175.58,2027062,913,56,7,0.99670
2026-08-03T14:00:00Z,63175.58,63889.37,63102.11,63889.37,2437803,1112,59,7,1.00078
2026-08-03T15:00:00Z,63889.37,63889.41,63617.07,63669.32,640410,419,58,3,1.00083
2026-08-03T16:00:00Z,63669.32,63865.12,63618.17,63719.74,515432,388,50,3,1.00083
2026-08-03T17:00:00Z,63719.74,63986.22,63691.38,63848.46,437234,280,41,7,1.00086
2026-08-03T18:00:00Z,63848.46,63920.56,63747.88,63847.80,234421,218,32,3,1.00086
2026-08-03T19:00:00Z,63847.80,63999.98,63822.53,63848.35,312369,244,39,5,1.00074
2026-08-03T20:00:00Z,63848.35,63951.87,63752.59,63837.97,217188,180,40,3,1.00074
2026-08-03T21:00:00Z,63837.97,63837.97,63534.65,63534.65,315178,178,32,7,0.99717
2026-08-03T22:00:00Z,63534.65,63640.39,63385.51,63590.52,537880,314,46,7,0.99698
2026-08-03T23:00:00Z,63590.52,63590.52,63443.29,63446.39,116768,124,34,3,0.99698
2026-08-04T00:00:00Z,63446.39,63564.61,63299.89,63308.40,373520,344,52,6,0.99712
2026-08-04T01:00:00Z,63308.40,63844.90,63308.40,63801.98,790204,458,50,7,0.99868
2026-08-04T02:00:00Z,63801.98,63882.04,63657.51,63782.40,316650,224,44,7,1.00039
2026-08-04T03:00:00Z,63782.40,63840.39,63628.54,63775.62,171584,180,33,3,1.00039
2026-08-04T04:00:00Z,63775.62,64171.80,63689.47,64009.83,800431,359,51,7,1.00097
2026-08-04T05:00:00Z,64009.83,64085.59,63787.91,63935.42,161114,174,32,7,1.00095
2026-08-04T06:00:00Z,63935.42,64032.74,63639.70,63639.88,302183,235,41,7,1.00095
2026-08-04T07:00:00Z,63639.88,63918.98,63477.05,63657.99,457413,313,46,7,1.00082
2026-08-04T08:00:00Z,63657.99,63696.39,63538.27,63542.62,139175,119,33,2,1.00082
2026-08-04T09:00:00Z,63542.62,63778.01,63488.54,63524.36,74365,86,35,2,1.00082
2026-08-04T10:00:00Z,63524.36,63759.33,63393.63,63746.68,476338,358,42,6,1.00090
2026-08-04T11:00:00Z,63746.68,63864.88,63652.16,63864.88,380631,275,43,6,1.00095
2026-08-04T12:00:00Z,63864.88,63962.18,63752.93,63881.82,368988,242,43,6,1.00100
2026-08-04T13:00:00Z,63881.82,64009.86,63628.21,63641.84,979624,567,52,6,1.00086
2026-08-04T14:00:00Z,63641.84,64112.61,63584.45,64103.37,1258478,733,59,7,0.99902
2026-08-04T15:00:00Z,64103.37,64182.66,63793.01,64103.96,696225,403,46,6,0.99731
2026-08-04T16:00:00Z,64103.96,64103.96,63884.22,63946.11,317414,286,45,3,0.99731
2026-08-04T17:00:00Z,63946.11,64111.89,63883.66,63936.40,409529,342,52,3,0.99731
2026-08-04T18:00:00Z,63936.40,64362.25,63936.40,64258.02,666400,391,49,7,1.00077
2026-08-04T19:00:00Z,64258.02,64348.17,64208.22,64208.22,226313,175,38,3,1.00077
2026-08-04T20:00:00Z,64208.22,64626.02,63893.61,64299.84,383812,283,43,6,0.99731
2026-08-04T21:00:00Z,64299.84,64326.53,64170.15,64170.15,113418,133,41,2,0.99731
2026-08-04T22:00:00Z,64170.15,64243.16,64125.64,64201.39,164928,167,42,3,0.99731
2026-08-04T23:00:00Z,64201.39,64469.53,64119.56,64119.56,782031,492,46,7,1.00096
2026-08-05T00:00:00Z,64119.56,64348.07,63972.18,64007.18,315880,270,43,6,1.00096
2026-08-05T01:00:00Z,64007.18,64268.58,63943.32,64228.75,336343,332,45,5,1.00086
2026-08-05T02:00:00Z,64228.75,64435.39,64152.20,64350.80,541286,293,44,7,1.00096
2026-08-05T03:00:00Z,64350.80,64400.55,64043.71,64119.53,323057,198,38,7,1.00090
2026-08-05T04:00:00Z,64119.53,64324.73,64082.27,64105.76,108719,145,37,3,1.00090
2026-08-05T05:00:00Z,64105.76,64445.23,64105.76,64300.85,347522,263,39,7,1.00104
2026-08-05T06:00:00Z,64300.85,64315.27,64215.15,64243.22,98051,109,23,3,1.00104
2026-08-05T07:00:00Z,64243.22,64289.73,63983.84,64095.51,359149,230,35,6,1.00119
2026-08-05T08:00:00Z,64095.51,64288.74,64078.55,64088.95,184993,196,46,3,1.00116
2026-08-05T09:00:00Z,64088.95,64142.54,64084.68,64129.52,28724,57,26,2,1.00116
2026-08-05T10:00:00Z,64129.52,64164.40,63997.76,64004.75,195720,170,38,3,1.00116
2026-08-05T11:00:00Z,64004.75,64070.86,64004.75,64038.48,68305,93,29,3,1.00116
2026-08-05T12:00:00Z,64038.48,64495.56,64033.50,64313.20,707916,388,39,7,1.00121
2026-08-05T13:00:00Z,64313.20,64320.55,63863.97,64294.64,1626508,701,51,7,1.00104
2026-08-05T14:00:00Z,64294.64,64497.18,64288.11,64462.43,1014180,666,57,7,1.00121
2026-08-05T15:00:00Z,64462.43,64675.23,64366.53,64366.53,854358,494,55,6,1.00135
2026-08-05T16:00:00Z,64366.53,64684.67,64366.53,64607.87,343790,284,50,5,1.00140
2026-08-05T17:00:00Z,64607.87,64704.84,64518.59,64550.65,218329,222,39,5,1.00135
2026-08-05T18:00:00Z,64550.65,64762.14,64550.65,64698.31,292836,250,47,5,1.00124
2026-08-05T19:00:00Z,64698.31,64862.82,64655.66,64832.05,230564,201,48,6,1.00131
2026-08-05T20:00:00Z,64832.05,64955.70,64788.36,64812.11,291083,210,43,4,1.00131
2026-08-05T21:00:00Z,64812.11,64812.11,64626.78,64678.33,347778,181,34,3,1.00131
2026-08-05T22:00:00Z,64678.33,64786.69,64607.24,64607.88,123628,150,34,3,1.00131
2026-08-05T23:00:00Z,64607.88,64764.08,64559.60,64614.03,215079,171,41,6,1.00130
2026-08-06T00:00:00Z,64614.03,64866.26,64545.48,64610.88,109773,157,50,3,1.00130
2026-08-06T01:00:00Z,64610.88,64812.88,64460.69,64555.43,270210,249,43,6,1.00131
2026-08-06T02:00:00Z,64555.43,64625.38,64430.04,64570.27,291153,237,46,6,1.00123
2026-08-06T03:00:00Z,64570.27,64733.83,64468.56,64472.68,52183,82,42,2,1.00123
2026-08-06T04:00:00Z,64472.68,64679.18,64463.31,64656.62,128642,157,43,3,1.00123
2026-08-06T05:00:00Z,64656.62,64912.80,64656.62,64812.07,441300,243,39,7,1.00123
2026-08-06T06:00:00Z,64812.07,64953.42,64696.22,64772.84,74997,125,37,3,1.00123
2026-08-06T07:00:00Z,64772.84,64875.45,64695.29,64770.44,115648,126,34,3,1.00123
2026-08-06T08:00:00Z,64770.44,64908.11,64725.68,64906.50,140437,131,35,3,1.00123
2026-08-06T09:00:00Z,64906.50,64906.50,64604.62,64613.07,198956,170,34,3,1.00123
2026-08-06T10:00:00Z,64613.07,64875.30,64557.54,64575.85,95817,108,29,6,1.00135
2026-08-06T11:00:00Z,64575.85,64714.30,64482.58,64550.97,258425,197,32,7,1.00131
2026-08-06T12:00:00Z,64550.97,64750.33,64422.83,64539.39,347712,244,52,6,1.00113
2026-08-06T13:00:00Z,64539.39,64539.39,64138.43,64402.96,809042,459,54,7,0.99924
2026-08-06T14:00:00Z,64402.96,64763.75,64331.26,64726.96,1057529,572,55,7,1.00123
2026-08-06T15:00:00Z,64726.96,64899.84,64604.27,64607.78,671406,499,48,7,1.00123
2026-08-06T16:00:00Z,64607.78,64695.45,64568.97,64691.77,254253,260,44,3,1.00123
2026-08-06T17:00:00Z,64691.77,64779.38,64526.83,64615.68,357807,231,47,6,0.99744
2026-08-06T18:00:00Z,64615.68,64616.69,64355.37,64355.37,427454,302,48,6,0.99708
2026-08-06T19:00:00Z,64355.37,64528.08,64323.60,64508.90,65131,83,28,3,0.99708
2026-08-06T20:00:00Z,64508.90,64584.49,64392.57,64395.61,54599,73,30,3,0.99708
2026-08-06T21:00:00Z,64395.61,64493.78,64391.07,64409.84,50800,62,22,3,0.99708
2026-08-06T22:00:00Z,64409.84,64496.99,64314.38,64474.83,125053,108,33,7,0.99699
2026-08-06T23:00:00Z,64474.83,64474.83,64180.44,64264.77,319635,235,40,6,0.99697
2026-08-07T00:00:00Z,64264.77,64346.93,64213.71,64250.86,237983,258,43,3,0.99697
2026-08-07T01:00:00Z,64250.86,64399.20,64250.86,64373.85,260025,241,40,3,0.99697
2026-08-07T02:00:00Z,64373.85,64477.68,64235.22,64397.60,393367,309,44,3,0.99697
2026-08-07T03:00:00Z,64397.60,64397.60,64238.55,64256.48,153508,137,35,2,0.99697
2026-08-07T04:00:00Z,64256.48,64344.04,64151.56,64180.42,179585,142,33,7,0.99702
2026-08-07T05:00:00Z,64180.42,64328.36,64158.67,64318.07,127268,141,35,3,0.99702
2026-08-07T06:00:00Z,64318.07,64401.68,64270.34,64270.38,117807,115,35,3,0.99702
2026-08-07T07:00:00Z,64270.38,64355.49,64245.97,64296.25,101390,97,32,2,0.99702
2026-08-07T08:00:00Z,64296.25,64597.34,64289.94,64561.51,364864,194,35,7,0.99702
2026-08-07T09:00:00Z,64561.51,64933.90,64424.72,64814.07,654636,388,49,7,0.99735
2026-08-07T10:00:00Z,64814.07,64848.95,64735.57,64840.00,165428,83,29,2,0.99735
2026-08-07T11:00:00Z,64840.00,65140.82,64747.65,64998.30,644266,362,46,6,1.00129
2026-08-07T12:00:00Z,64998.30,65320.42,64972.26,65308.45,1159567,683,55,7,1.00142
2026-08-07T13:00:00Z,65308.45,65308.45,64975.55,64975.55,768553,574,52,3,1.00142
2026-08-07T14:00:00Z,64975.55,65200.16,64774.34,64933.62,1242099,707,59,7,1.00149
2026-08-07T15:00:00Z,64933.62,65061.03,64876.90,64894.33,285438,261,44,3,1.00149
2026-08-07T16:00:00Z,64894.33,65086.33,64820.79,64978.87,329071,264,46,7,1.00125
2026-08-07T17:00:00Z,64978.87,64978.87,64527.63,64697.76,772650,529,55,7,0.99735
2026-08-07T18:00:00Z,64697.76,64825.36,64660.50,64668.44,150573,148,40,3,0.99735
2026-08-07T19:00:00Z,64668.44,64968.90,64668.44,64937.73,353511,208,33,6,1.00125
2026-08-07T20:00:00Z,64937.73,64975.73,64836.53,64958.53,55683,46,20,4,1.00125
2026-08-07T21:00:00Z,64958.53,65035.42,64883.85,64928.81,182089,164,36,5,1.00125
2026-08-07T22:00:00Z,64928.81,64928.81,64845.20,64866.29,55332,56,22,2,1.00125
2026-08-07T23:00:00Z,64866.29,64873.16,64836.46,64870.40,5616,15,13,2,1.00125
2026-08-08T00:00:00Z,64870.40,64942.53,64651.85,64874.37,996968,213,40,4,1.00162
2026-08-08T01:00:00Z,64874.37,64910.36,64710.53,64910.20,83532,44,25,5,1.00167
2026-08-08T02:00:00Z,64910.20,64910.20,64756.20,64869.40,10935,44,23,2,1.00167
2026-08-08T03:00:00Z,64869.40,65013.27,64829.27,64999.37,207739,128,30,6,1.00171
2026-08-08T04:00:00Z,64999.37,65010.83,64970.46,65002.96,48357,52,19,2,1.00171
2026-08-08T05:00:00Z,65002.96,65008.04,64955.26,64955.28,24648,32,20,2,1.00171
2026-08-08T06:00:00Z,64955.28,65034.11,64866.48,64960.45,4859,37,21,2,1.00171
2026-08-08T07:00:00Z,64960.45,64961.14,64870.35,64950.05,7009,26,16,2,1.00171
2026-08-08T08:00:00Z,64950.05,64994.11,64892.27,64993.91,11444,40,29,2,1.00171
2026-08-08T09:00:00Z,64993.91,65024.40,64958.71,64988.31,29588,48,24,2,1.00171
2026-08-08T10:00:00Z,64988.31,65046.17,64987.17,65046.17,1219,12,11,1,1.00171
2026-08-08T11:00:00Z,65046.17,65046.17,64903.88,64954.12,20992,59,36,2,1.00171
2026-08-08T12:00:00Z,64954.12,64988.52,64919.27,64984.38,62395,68,30,2,1.00171
2026-08-08T13:00:00Z,64984.38,65014.97,64972.59,64972.87,750,17,14,1,1.00171
2026-08-08T14:00:00Z,64972.87,65143.03,64894.97,65109.00,262483,152,39,6,1.00188
2026-08-08T15:00:00Z,65109.00,65174.53,64955.73,64955.73,31628,72,39,2,1.00188
2026-08-08T16:00:00Z,64955.73,65103.36,64955.73,65103.36,12108,35,24,2,1.00188
2026-08-08T17:00:00Z,65103.36,65159.38,64972.86,65067.87,38878,76,35,3,1.00188
2026-08-08T18:00:00Z,65067.87,65101.96,65007.47,65016.48,34544,55,19,3,1.00188
2026-08-08T19:00:00Z,65016.48,65108.35,65003.32,65020.94,16765,37,29,2,1.00188
2026-08-08T20:00:00Z,65020.94,65043.50,64866.43,65026.00,4858,26,20,2,1.00188
2026-08-08T21:00:00Z,65026.00,65026.03,64979.81,64979.81,25459,25,16,2,1.00188
2026-08-08T22:00:00Z,64979.81,65049.62,64877.54,64929.63,27197,48,29,2,1.00188
2026-08-08T23:00:00Z,64929.63,65049.23,64869.65,64919.25,7666,39,22,2,1.00188
2026-08-09T00:00:00Z,64919.25,64969.88,64918.12,64919.75,1012,34,26,2,1.00188
2026-08-09T01:00:00Z,64919.75,65003.14,64830.70,64830.73,66349,70,32,3,1.00188
2026-08-09T02:00:00Z,64830.73,65117.45,64720.91,64925.32,293564,92,26,5,1.00200
2026-08-09T03:00:00Z,64925.32,64925.32,64587.22,64694.65,265827,97,30,6,0.99855
2026-08-09T04:00:00Z,64694.65,64881.07,64694.65,64719.70,13683,29,21,3,0.99855
2026-08-09T05:00:00Z,64719.70,64805.83,64719.70,64755.69,1405,28,22,2,0.99855
2026-08-09T06:00:00Z,64755.69,64863.21,64755.69,64801.32,23911,37,22,2,0.99855
2026-08-09T07:00:00Z,64801.32,64880.39,64799.32,64799.32,3757,26,16,3,0.99929
2026-08-09T08:00:00Z,64799.32,64873.62,64744.07,64796.76,80685,68,23,2,0.99929
2026-08-09T09:00:00Z,64796.76,64807.93,64780.41,64807.93,14114,22,14,2,0.99929
2026-08-09T10:00:00Z,64807.93,64911.76,64795.30,64907.43,59496,53,24,3,0.99998
2026-08-09T11:00:00Z,64907.43,64981.08,64802.26,64928.77,29929,43,24,3,0.99998
2026-08-09T12:00:00Z,64928.77,64949.08,64808.32,64902.75,14155,35,21,3,0.99998
2026-08-09T13:00:00Z,64902.75,65192.09,64814.43,65037.93,497997,219,40,7,1.00164
2026-08-09T14:00:00Z,65037.93,65257.48,64997.33,65226.02,134411,138,37,7,1.00156
2026-08-09T15:00:00Z,65226.02,65235.65,65137.68,65193.62,24970,54,28,3,1.00159
2026-08-09T16:00:00Z,65193.62,65203.39,65087.15,65187.35,24486,66,31,3,1.00159
2026-08-09T17:00:00Z,65187.35,65215.48,65057.81,65202.27,5096,31,26,2,1.00159
2026-08-09T18:00:00Z,65202.27,65216.13,65065.79,65216.13,66953,68,32,2,1.00159
2026-08-09T19:00:00Z,65216.13,65216.13,65076.20,65144.43,11193,27,18,2,1.00159
2026-08-09T20:00:00Z,65144.43,65144.43,65052.59,65094.96,71603,69,22,3,1.00159
2026-08-09T21:00:00Z,65094.96,65199.60,65083.01,65173.38,49272,47,20,3,1.00159
2026-08-09T22:00:00Z,65173.38,65382.88,64963.42,65033.32,739316,359,39,7,1.00153
2026-08-09T23:00:00Z,65033.32,65162.35,64824.77,64836.62,385837,249,39,7,1.00134
2026-08-10T00:00:00Z,64836.62,65256.55,64813.21,64940.35,787271,545,49,6,1.00133
2026-08-10T01:00:00Z,64940.35,65286.45,64887.18,65211.95,691750,422,42,7,1.00133
2026-08-10T02:00:00Z,65211.95,65279.07,64889.75,65063.89,427747,336,46,7,1.00122
2026-08-10T03:00:00Z,65063.89,65098.05,64892.59,64939.25,307738,324,43,3,1.00136
2026-08-10T04:00:00Z,64939.25,65205.78,64905.86,64963.88,158639,150,37,2,1.00136
2026-08-10T05:00:00Z,64963.88,65088.07,64963.68,65088.07,80121,87,25,3,1.00136
2026-08-10T06:00:00Z,65088.07,65264.83,65040.01,65223.21,248185,187,37,6,1.00137
2026-08-10T07:00:00Z,65223.21,65296.52,65115.61,65184.22,155651,160,37,5,1.00146
2026-08-10T08:00:00Z,65184.22,65727.36,64669.50,65195.48,115533,192,40,3,1.00146
2026-08-10T09:00:00Z,65195.48,65276.69,64954.66,64973.60,146623,142,39,4,1.00146
2026-08-10T10:00:00Z,64973.60,65099.68,64950.97,64992.23,38769,76,31,2,1.00146
2026-08-10T11:00:00Z,64992.23,65111.56,64965.09,65062.44,72444,100,26,3,1.00146
2026-08-10T12:00:00Z,65062.44,65203.82,64876.37,65013.97,455155,337,46,6,1.00130
2026-08-10T13:00:00Z,65013.97,65015.90,64495.92,64522.17,999158,511,47,6,0.99707
2026-08-10T14:00:00Z,64522.17,64809.78,64522.17,64590.11,401196,398,49,4,0.99707
2026-08-10T15:00:00Z,64590.11,64709.84,64178.08,64223.80,991044,490,54,7,0.99698
2026-08-10T16:00:00Z,64223.80,64281.00,63809.89,63832.15,1128448,629,57,7,0.99697
2026-08-10T17:00:00Z,63832.15,63959.75,63808.23,63873.09,301603,356,49,2,0.99697
2026-08-10T18:00:00Z,63873.09,63938.56,63781.03,63881.01,286672,272,47,6,0.99695
2026-08-10T19:00:00Z,63881.01,64023.86,63848.18,63961.20,194658,188,39,3,0.99695
2026-08-10T20:00:00Z,63961.20,64124.71,63946.00,64121.96,106217,116,35,3,0.99695
2026-08-10T21:00:00Z,64121.96,64121.96,63956.64,63956.64,107647,116,37,3,0.99695
2026-08-10T22:00:00Z,63956.64,63996.99,63916.93,63939.27,87371,107,30,3,0.99695
2026-08-10T23:00:00Z,63939.27,63960.15,63784.09,63960.15,34665,77,30,3,0.99695
2026-08-11T00:00:00Z,63960.15,64029.10,63875.32,64029.10,98884,136,37,3,0.99695
2026-08-11T01:00:00Z,64029.10,64058.80,63932.07,63997.00,141436,158,40,3,0.99695
2026-08-11T02:00:00Z,63997.00,64047.42,63953.67,64001.69,11048,51,30,3,0.99695
2026-08-11T03:00:00Z,64001.69,64099.64,63980.42,64095.65,70738,89,26,3,0.99695
2026-08-11T04:00:00Z,64095.65,64141.59,63845.81,64000.60,61279,75,34,3,0.99695
2026-08-11T05:00:00Z,64000.60,64000.60,63906.20,63964.08,52957,77,28,2,0.99695
2026-08-11T06:00:00Z,63964.08,63985.66,63827.58,63888.10,129071,146,39,3,0.99695
2026-08-11T07:00:00Z,63888.10,64028.68,63884.00,64020.68,125677,159,33,3,0.99695
2026-08-11T08:00:00Z,64020.68,64085.24,64018.73,64071.06,42800,61,24,2,0.99695
2026-08-11T09:00:00Z,64071.06,64196.96,63825.15,64076.22,229477,144,36,6,0.99690
2026-08-11T10:00:00Z,64076.22,64271.03,63945.49,64201.13,143965,123,30,5,0.99693
2026-08-11T11:00:00Z,64201.13,64327.56,64021.53,64163.23,218148,173,38,7,0.99699
2026-08-11T12:00:00Z,64163.23,64433.41,64069.07,64302.72,283724,198,42,6,0.99697
2026-08-11T13:00:00Z,64302.72,64302.72,64029.79,64139.06,584008,418,52,6,0.99709
2026-08-11T14:00:00Z,64139.06,64183.44,63695.06,63711.33,1075600,556,53,7,0.99704
2026-08-11T15:00:00Z,63711.33,63861.30,63436.15,63550.47,866219,548,55,7,0.99708
2026-08-11T16:00:00Z,63550.47,63614.95,63437.20,63522.05,186059,231,48,3,0.99708
2026-08-11T17:00:00Z,63522.05,63555.23,63436.34,63533.39,101190,133,36,3,0.99714
2026-08-11T18:00:00Z,63533.39,63555.29,63230.66,63303.00,598444,273,39,7,0.99718
2026-08-11T19:00:00Z,63303.00,63458.37,63206.69,63458.37,272782,245,45,5,0.99718
2026-08-11T20:00:00Z,63458.37,63673.71,63384.66,63669.44,385390,220,36,7,0.99731
2026-08-11T21:00:00Z,63669.44,63687.65,63418.31,63612.50,117455,101,34,4,0.99733
2026-08-11T22:00:00Z,63612.50,63700.26,63606.24,63641.16,88121,105,29,2,0.99733
2026-08-11T23:00:00Z,63641.16,63641.16,63523.13,63574.19,81136,111,35,6,0.99733
2026-08-12T00:00:00Z,63574.19,63831.35,63513.60,63747.82,471963,183,44,4,0.99735
2026-08-12T01:00:00Z,63747.82,63888.44,63567.68,63618.76,938001,226,40,6,0.99969
2026-08-12T02:00:00Z,63618.76,63876.55,63618.76,63706.92,271090,203,41,7,1.00110
2026-08-12T03:00:00Z,63706.92,63796.87,63686.46,63761.89,77195,116,33,2,1.00110
2026-08-12T04:00:00Z,63761.89,63861.70,63693.01,63730.18,178995,109,29,3,1.00110
2026-08-12T05:00:00Z,63730.18,63829.41,63706.61,63796.44,62976,77,23,3,1.00110
2026-08-12T06:00:00Z,63796.44,63796.44,63581.58,63635.01,163573,177,36,3,1.00110
2026-08-12T07:00:00Z,63635.01,63809.01,63620.26,63756.90,175557,208,40,3,1.00110
2026-08-12T08:00:00Z,63756.90,63796.71,63661.90,63758.50,59919,67,30,2,1.00110
2026-08-12T09:00:00Z,63758.50,64051.81,63739.67,64051.81,518583,353,43,7,1.00127
2026-08-12T10:00:00Z,64051.81,64148.30,63984.77,64073.40,381813,284,42,7,1.00139
2026-08-12T11:00:00Z,64073.40,64185.69,63985.46,64184.69,158860,152,38,5,1.00127
2026-08-12T12:00:00Z,64184.69,64391.14,63956.73,64080.86,1368899,629,53,6,1.00148
2026-08-12T13:00:00Z,64080.86,64250.82,63823.73,63994.80,864768,559,53,6,1.00127
2026-08-12T14:00:00Z,63994.80,63994.80,63388.07,63523.37,1424918,819,56,7,1.00116
2026-08-12T15:00:00Z,63523.37,63529.26,63289.04,63388.58,383732,357,50,6,1.00143
2026-08-12T16:00:00Z,63388.58,63530.48,63335.22,63490.74,190589,202,42,3,1.00143
2026-08-12T17:00:00Z,63490.74,63511.67,63381.82,63442.05,129565,161,42,3,1.00143
2026-08-12T18:00:00Z,63442.05,63460.65,63274.24,63344.82,168034,172,32,4,1.00143
2026-08-12T19:00:00Z,63344.82,63464.62,63226.09,63347.17,162219,129,31,6,1.00151
2026-08-12T20:00:00Z,63347.17,63523.03,63287.76,63509.65,158285,155,38,3,1.00151
2026-08-12T21:00:00Z,63509.65,63597.34,63388.77,63422.96,1327402,273,46,4,1.00148
2026-08-12T22:00:00Z,63422.96,63450.21,63338.43,63348.16,104381,98,34,2,1.00148
2026-08-12T23:00:00Z,63348.16,63400.17,63347.40,63400.17,81344,95,30,3,1.00148
2026-08-13T00:00:00Z,63400.17,63628.14,63351.61,63520.36,376234,212,40,7,1.00143
2026-08-13T01:00:00Z,63520.36,63544.72,63349.23,63423.09,273236,257,44,4,1.00143
2026-08-13T02:00:00Z,63423.09,63556.77,63347.46,63482.63,124450,140,38,2,1.00080
2026-08-13T03:00:00Z,63482.63,63602.49,63471.85,63602.48,103448,94,34,3,1.00080
2026-08-13T04:00:00Z,63602.48,63688.82,63474.27,63661.30,207966,139,38,6,1.00137
2026-08-13T05:00:00Z,63661.30,63920.47,63642.97,63846.88,512647,251,37,7,1.00145
2026-08-13T06:00:00Z,63846.88,63853.45,63672.67,63853.45,200604,169,44,3,1.00145
2026-08-13T07:00:00Z,63853.45,63859.31,63699.91,63811.11,25377,49,28,2,1.00145
2026-08-13T08:00:00Z,63811.11,63830.81,63685.87,63716.07,66846,91,30,2,1.00145
2026-08-13T09:00:00Z,63716.07,63737.45,63557.92,63702.53,169697,206,41,4,1.00145
2026-08-13T10:00:00Z,63702.53,63846.73,63553.73,63569.11,189173,132,35,3,1.00145
2026-08-13T11:00:00Z,63569.11,63693.83,63320.81,63420.82,501439,291,43,7,0.99735
2026-08-13T12:00:00Z,63420.82,63623.74,63417.17,63623.74,522468,283,44,3,0.99735
2026-08-13T13:00:00Z,63623.74,63761.51,63411.56,63674.87,615692,425,51,6,0.99733
2026-08-13T14:00:00Z,63674.87,63912.70,63598.01,63826.10,563782,343,46,6,1.00135
2026-08-13T15:00:00Z,63826.10,63862.26,63565.97,63568.47,751619,514,49,7,1.00131
2026-08-13T16:00:00Z,63568.47,63568.47,62818.43,63074.44,1765874,752,53,7,0.99761
2026-08-13T17:00:00Z,63074.44,63216.41,63009.92,63117.12,467627,387,54,7,0.99889
2026-08-13T18:00:00Z,63117.12,63282.58,63084.54,63278.07,495325,303,41,7,1.00058
2026-08-13T19:00:00Z,63278.07,63430.19,63266.28,63365.80,377972,190,37,7,1.00114
2026-08-13T20:00:00Z,63365.80,63391.97,63343.32,63347.20,88635,112,33,2,1.00114
2026-08-13T21:00:00Z,63347.20,63424.33,63276.43,63413.69,130489,104,35,3,1.00100
2026-08-13T22:00:00Z,63413.69,63558.38,63381.09,63485.09,288832,159,42,6,1.00123
2026-08-13T23:00:00Z,63485.09,63497.03,63320.22,63401.39,90429,110,32,3,1.00123
2026-08-14T00:00:00Z,63401.39,63473.87,63384.68,63470.60,182122,238,46,4,1.00123
2026-08-14T01:00:00Z,63470.60,63506.07,63402.59,63497.14,146933,149,42,3,1.00123
2026-08-14T02:00:00Z,63497.14,63535.55,63441.67,63441.67,139673,169,47,3,1.00123
2026-08-14T03:00:00Z,63441.67,63494.71,63280.20,63280.20,210798,223,42,3,1.00123
2026-08-14T04:00:00Z,63280.20,63389.13,63251.91,63344.03,135834,136,37,3,1.00123
2026-08-14T05:00:00Z,63344.03,63398.67,63257.56,63312.03,84736,114,45,3,1.00123
2026-08-14T06:00:00Z,63312.03,63396.29,62913.87,62913.89,687717,263,43,7,0.99707
2026-08-14T07:00:00Z,62913.89,63090.83,62902.71,62936.98,201220,220,49,6,0.99705
2026-08-14T08:00:00Z,62936.98,63043.91,62668.81,62853.83,641639,419,48,7,0.99688
2026-08-14T09:00:00Z,62853.83,62950.12,62633.79,62751.13,119887,168,45,3,0.99688
2026-08-14T10:00:00Z,62751.13,62865.13,62711.08,62771.78,424845,210,47,3,0.99688
2026-08-14T11:00:00Z,62771.78,62850.91,62771.78,62823.14,120806,155,45,2,0.99688
2026-08-14T12:00:00Z,62823.14,62846.82,62680.43,62696.56,260411,266,52,3,0.99688
2026-08-14T13:00:00Z,62696.56,62731.32,62565.32,62565.32,605231,426,53,6,0.99688
2026-08-14T14:00:00Z,62565.32,62718.68,62532.47,62564.86,652564,488,55,6,0.99676
2026-08-14T15:00:00Z,62564.86,62995.15,62526.39,62953.74,707715,421,48,7,0.99688
2026-08-14T16:00:00Z,62953.74,63153.00,62851.07,62974.74,514903,293,49,7,1.00101
2026-08-14T17:00:00Z,62974.74,63160.66,62969.41,62969.41,190764,186,46,6,1.00098
2026-08-14T18:00:00Z,62969.41,63047.63,62858.97,62860.04,193777,236,47,3,1.00098
2026-08-14T19:00:00Z,62860.04,63140.24,62792.57,62893.77,156548,154,43,4,1.00098
2026-08-14T20:00:00Z,62893.77,62933.69,62866.51,62866.85,66030,118,43,3,1.00098
2026-08-14T21:00:00Z,62866.85,62987.76,62843.70,62846.90,14721,49,27,2,1.00098
2026-08-14T22:00:00Z,62846.90,62974.75,62771.07,62811.99,132527,149,42,5,1.00098
2026-08-14T23:00:00Z,62811.99,62980.33,62811.98,62980.29,150066,166,42,2,1.00098
2026-08-15T00:00:00Z,62980.29,63013.27,62942.92,62942.92,232104,93,33,2,1.00098
2026-08-15T01:00:00Z,62942.92,62997.92,62942.92,62972.01,15302,41,28,2,1.00098
2026-08-15T02:00:00Z,62972.01,63076.01,62972.01,63055.52,56031,91,36,4,1.00098
2026-08-15T03:00:00Z,63055.52,63099.53,62839.83,63014.15,85826,128,40,6,0.99704
2026-08-15T04:00:00Z,63014.15,63095.58,63014.03,63064.01,28016,61,27,2,0.99704
2026-08-15T05:00:00Z,63064.01,63095.33,62969.30,63011.95,35284,70,29,2,0.99704
2026-08-15T06:00:00Z,63011.95,63046.91,62942.24,63046.91,32489,59,26,2,0.99704
2026-08-15T07:00:00Z,63046.91,63154.65,62840.05,62970.91,211579,71,30,2,0.99704
2026-08-15T08:00:00Z,62970.91,63039.19,62905.11,62905.11,56772,64,26,2,0.99704
2026-08-15T09:00:00Z,62905.11,62970.38,62880.48,62959.95,49493,97,42,4,0.99704
2026-08-15T10:00:00Z,62959.95,62991.72,62929.55,62962.82,2981,30,23,2,0.99704
2026-08-15T11:00:00Z,62962.82,63008.92,62962.82,62964.13,5777,31,19,2,0.99704
2026-08-15T12:00:00Z,62964.13,62996.53,62917.77,62965.96,53858,81,25,2,0.99704
2026-08-15T13:00:00Z,62965.96,63022.08,62937.22,62979.93,39020,54,26,2,0.99704
2026-08-15T14:00:00Z,62979.93,63016.64,62963.20,62965.60,19032,50,29,2,0.99704
2026-08-15T15:00:00Z,62965.60,63082.68,62957.47,63082.68,55156,64,25,2,0.99704
2026-08-15T16:00:00Z,63082.68,63106.31,62840.38,63091.27,23062,40,23,2,0.99704
2026-08-15T17:00:00Z,63091.27,63103.08,63008.70,63020.08,35997,34,24,2,0.99704
2026-08-15T18:00:00Z,63020.08,63048.32,63008.83,63008.83,22847,46,30,2,0.99704
2026-08-15T19:00:00Z,63008.83,63065.34,62996.74,63036.71,179061,86,27,2,0.99704
2026-08-15T20:00:00Z,63036.71,63063.73,63006.30,63014.77,24289,61,33,1,0.99704
2026-08-15T21:00:00Z,63014.77,63101.19,62943.60,62943.92,56548,91,35,2,0.99704
2026-08-15T22:00:00Z,62943.92,63117.18,62943.92,63083.46,6430,26,20,1,0.99704
2026-08-15T23:00:00Z,63083.46,63098.50,62929.69,63079.25,40532,60,28,2,0.99704
2026-08-16T00:00:00Z,63079.25,63079.25,63036.12,63036.28,12770,36,23,2,0.99704
2026-08-16T01:00:00Z,63036.28,63056.25,62974.15,62998.85,63204,61,26,2,0.99704
2026-08-16T02:00:00Z,62998.85,63084.33,62947.01,63068.92,69151,108,34,2,0.99704
2026-08-16T03:00:00Z,63068.92,63118.91,63067.13,63067.13,39263,26,18,4,1.00118
2026-08-16T04:00:00Z,63067.13,63115.59,62945.38,63056.53,182874,41,23,1,1.00118
2026-08-16T05:00:00Z,63056.53,63092.41,63009.00,63009.00,44225,76,25,2,1.00118
2026-08-16T06:00:00Z,63009.00,63029.18,62990.17,63006.69,7271,24,17,2,1.00118
2026-08-16T07:00:00Z,63006.69,63006.69,63005.43,63006.59,1459,9,6,3,1.00118
2026-08-16T08:00:00Z,63006.59,63093.31,63006.59,63063.01,22582,14,10,1,1.00118
2026-08-16T09:00:00Z,63063.01,63063.01,62937.19,62972.13,39661,58,16,2,1.00118
2026-08-16T10:00:00Z,62972.13,63118.91,62933.17,62989.32,3519,25,19,2,1.00118
2026-08-16T11:00:00Z,62989.32,62989.32,62926.13,62926.83,23809,38,23,3,1.00118
2026-08-16T12:00:00Z,62926.83,62971.42,62926.83,62937.79,7104,31,27,2,1.00118
2026-08-16T13:00:00Z,62937.79,63022.18,62383.83,62827.26,55274,47,25,2,1.00118
2026-08-16T14:00:00Z,62827.26,63155.56,62827.26,62907.20,57532,42,26,2,1.00118
2026-08-16T15:00:00Z,62907.20,63103.78,62907.20,63096.72,19323,33,22,2,1.00118
2026-08-16T16:00:00Z,63096.72,63309.23,62960.97,63174.89,479056,268,48,6,1.00152
2026-08-16T17:00:00Z,63174.89,63193.65,63086.94,63126.47,62732,72,30,2,1.00152
2026-08-16T18:00:00Z,63126.47,63126.47,63047.91,63055.51,166138,80,19,2,1.00152
2026-08-16T19:00:00Z,63055.51,63146.50,63055.51,63058.54,102882,116,32,2,1.00152
2026-08-16T20:00:00Z,63058.54,63123.27,62992.85,63029.31,46764,64,28,2,1.00152
2026-08-16T21:00:00Z,63029.31,63152.56,62776.37,62895.53,487142,186,25,7,1.00150
2026-08-16T22:00:00Z,62895.53,63113.58,62688.23,62827.91,494844,319,52,6,1.00132
2026-08-16T23:00:00Z,62827.91,62938.98,62795.80,62843.94,156642,154,35,2,1.00132
2026-08-17T00:00:00Z,62843.94,62869.44,62694.39,62852.24,286162,220,45,3,1.00132
2026-08-17T01:00:00Z,62852.24,63161.14,62852.24,63076.43,612985,362,44,7,1.00146
2026-08-17T02:00:00Z,63076.43,63409.00,62999.57,63365.10,764346,343,40,6,1.00146
2026-08-17T03:00:00Z,63365.10,63435.30,63275.56,63395.13,210600,162,35,6,1.00149
2026-08-17T04:00:00Z,63395.13,63510.11,63278.18,63335.19,168117,98,30,6,1.00150
2026-08-17T05:00:00Z,63335.19,63518.81,63335.19,63442.15,189227,170,42,5,1.00151
2026-08-17T06:00:00Z,63442.15,63664.44,63355.67,63614.03,343639,195,36,6,1.00152
2026-08-17T07:00:00Z,63614.03,63614.03,63471.58,63475.32,73956,104,35,2,1.00152
2026-08-17T08:00:00Z,63475.32,63654.92,63310.72,63319.34,115424,123,36,3,1.00152
2026-08-17T09:00:00Z,63319.34,63642.00,63261.76,63419.97,142041,137,40,6,1.00149
2026-08-17T10:00:00Z,63419.97,63601.14,63260.51,63601.14,225746,180,38,4,1.00149
2026-08-17T11:00:00Z,63601.14,63690.99,63439.16,63556.03,266852,155,33,6,1.00150
2026-08-17T12:00:00Z,63556.03,63596.11,63496.07,63511.05,188921,153,33,3,1.00150
2026-08-17T13:00:00Z,63511.05,63706.20,63401.14,63591.14,549161,350,52,6,1.00150
2026-08-17T14:00:00Z,63591.14,63809.07,63549.32,63809.07,554928,364,46,6,1.00150
2026-08-17T15:00:00Z,63809.07,64147.23,63689.10,64123.78,901076,481,50,6,1.00150
2026-08-17T16:00:00Z,64123.78,64154.53,64030.06,64053.43,133052,166,44,2,1.00150
2026-08-17T17:00:00Z,64053.43,64352.61,63938.12,64269.04,830807,474,50,6,1.00149
2026-08-17T18:00:00Z,64269.04,64537.39,64262.74,64390.48,570249,283,48,6,1.00147
2026-08-17T19:00:00Z,64390.48,64406.87,64268.23,64311.19,167204,168,38,2,1.00146
2026-08-17T20:00:00Z,64311.19,64374.03,64250.71,64333.63,111916,115,33,2,1.00146
2026-08-17T21:00:00Z,64333.63,64372.61,64258.09,64317.22,78287,107,33,2,1.00146
2026-08-17T22:00:00Z,64317.22,64344.29,64264.03,64271.48,59693,71,27,2,1.00146
2026-08-17T23:00:00Z,64271.48,64506.60,64237.00,64506.60,173804,172,38,2,1.00146
2026-08-18T00:00:00Z,64506.60,64506.60,64345.95,64345.96,138065,171,42,3,1.00146
2026-08-18T01:00:00Z,64345.96,64493.74,64200.53,64293.51,217304,174,36,6,1.00149
2026-08-18T02:00:00Z,64293.51,64438.00,64023.19,64041.50,379845,263,45,6,1.00145
2026-08-18T03:00:00Z,64041.50,64190.65,64020.31,64111.88,123424,111,36,5,1.00140
2026-08-18T04:00:00Z,64111.88,64254.88,64061.68,64154.53,102787,68,26,2,1.00140
2026-08-18T05:00:00Z,64154.53,64227.06,64109.55,64179.22,138452,121,31,2,1.00140
2026-08-18T06:00:00Z,64179.22,64362.37,64132.14,64245.64,274462,211,45,5,1.00128
2026-08-18T07:00:00Z,64245.64,64270.60,64137.13,64173.99,89280,95,24,2,1.00128
2026-08-18T08:00:00Z,64173.99,64252.70,64062.87,64219.74,174206,182,41,2,1.00128
2026-08-18T09:00:00Z,64219.74,64219.74,64111.33,64111.33,61528,82,30,2,1.00128
2026-08-18T10:00:00Z,64111.33,64134.72,64071.39,64122.71,44978,75,32,2,1.00128
2026-08-18T11:00:00Z,64122.71,64317.22,64122.71,64307.58,111129,116,32,2,1.00128
2026-08-18T12:00:00Z,64307.58,64307.58,64187.97,64187.97,71472,69,26,2,1.00128
2026-08-18T13:00:00Z,64187.97,64208.89,64007.81,64141.79,427353,289,40,4,1.00128
2026-08-18T14:00:00Z,64141.79,64977.75,64141.79,64691.47,1791660,801,54,7,1.00137
2026-08-18T15:00:00Z,64691.47,64820.16,64636.94,64805.53,240473,217,43,3,1.00137
2026-08-18T16:00:00Z,64805.53,64824.33,64665.59,64795.30,182741,192,41,2,1.00137
2026-08-18T17:00:00Z,64795.30,64795.30,64665.71,64665.71,95680,96,29,2,1.00137
2026-08-18T18:00:00Z,64665.71,64762.87,64650.58,64750.96,77214,85,27,3,1.00137
2026-08-18T19:00:00Z,64750.96,64750.96,64634.44,64634.44,99476,105,37,2,1.00137
2026-08-18T20:00:00Z,64634.44,64762.68,64566.00,64575.14,125209,111,35,6,0.99912
2026-08-18T21:00:00Z,64575.14,64735.35,64560.70,64560.70,30461,51,21,5,0.99912
2026-08-18T22:00:00Z,64560.70,64728.25,64543.32,64591.24,66879,57,26,3,0.99912
2026-08-18T23:00:00Z,64591.24,64737.48,64591.24,64719.22,73072,82,30,2,0.99912
2026-08-19T00:00:00Z,64719.22,64719.22,64491.72,64500.53,350539,255,50,6,0.99706
2026-08-19T01:00:00Z,64500.53,64599.20,64382.36,64399.14,295215,181,41,6,0.99705
2026-08-19T02:00:00Z,64399.14,64513.09,64331.88,64332.31,139495,115,36,5,0.99724
2026-08-19T03:00:00Z,64332.31,64435.92,64265.74,64315.00,183502,150,34,6,0.99729
2026-08-19T04:00:00Z,64315.00,64365.04,64255.78,64283.05,71283,101,38,2,0.99729
2026-08-19T05:00:00Z,64283.05,64431.96,64217.35,64217.35,160446,99,35,6,0.99715
2026-08-19T06:00:00Z,64217.35,64352.17,64147.93,64292.11,214629,178,36,6,0.99700
2026-08-19T07:00:00Z,64292.11,64428.09,64181.44,64280.58,149346,112,39,2,0.99700
2026-08-19T08:00:00Z,64280.58,64437.30,64233.33,64398.62,195299,185,38,3,0.99700
2026-08-19T09:00:00Z,64398.62,64408.32,64324.38,64356.14,45219,86,33,3,0.99700
2026-08-19T10:00:00Z,64356.14,64381.54,64348.64,64381.54,24722,43,30,2,0.99700
2026-08-19T11:00:00Z,64381.54,64504.76,64333.62,64452.40,67104,78,28,2,0.99705
2026-08-19T12:00:00Z,64452.40,64912.96,64318.25,64815.61,941384,362,37,6,0.99912
2026-08-19T13:00:00Z,64815.61,65135.70,64767.71,64975.03,1318480,653,53,6,1.00110
2026-08-19T14:00:00Z,64975.03,65901.18,64975.03,65815.11,2126050,914,57,6,1.00113
2026-08-19T15:00:00Z,65815.11,69323.50,65815.11,68524.70,12041720,3250,60,6,1.00088
2026-08-19T16:00:00Z,68524.70,68861.91,68427.33,68466.07,1946484,1029,59,6,1.00101
2026-08-19T17:00:00Z,68466.07,68580.57,67837.85,68198.37,1721973,796,55,6,0.99994
2026-08-19T18:00:00Z,68198.37,68416.07,68048.73,68359.99,518319,412,51,6,1.00069
2026-08-19T19:00:00Z,68359.99,68440.13,68115.67,68404.99,516570,476,53,5,1.00074
2026-08-19T20:00:00Z,68404.99,69396.91,68285.97,69072.73,3505725,1058,59,7,1.00116
2026-08-19T21:00:00Z,69072.73,69885.88,69004.76,69666.62,3994274,1970,60,6,1.00110
2026-08-19T22:00:00Z,69666.62,69786.80,69019.12,69210.08,1563950,946,60,6,1.00067
2026-08-19T23:00:00Z,69210.08,69420.30,69161.05,69304.60,470253,436,54,3,1.00067
2026-08-20T00:00:00Z,69304.60,69722.90,69304.60,69373.51,998308,772,56,6,1.00110
2026-08-20T01:00:00Z,69373.51,69822.50,69272.14,69679.04,722792,596,55,7,1.00119
2026-08-20T02:00:00Z,69679.04,69752.29,69265.79,69282.48,693672,402,56,6,1.00116
2026-08-20T03:00:00Z,69282.48,69442.46,68892.28,69174.18,838963,636,47,7,1.00110
2026-08-20T04:00:00Z,69174.18,69514.83,69118.23,69473.41,560738,340,50,6,1.00117
2026-08-20T05:00:00Z,69473.41,69604.26,69337.16,69346.80,273012,238,48,6,1.00126
2026-08-20T06:00:00Z,69346.80,69846.51,69332.45,69811.20,513357,367,49,6,1.00147
2026-08-20T07:00:00Z,69811.20,69950.11,69494.92,69748.43,577580,528,54,6,1.00149
2026-08-20T08:00:00Z,69748.43,71733.96,69690.29,71548.83,4280975,1730,59,7,1.00149
2026-08-20T09:00:00Z,71548.83,71961.00,71470.33,71713.32,1261641,955,59,6,1.00153
2026-08-20T10:00:00Z,71713.32,72404.05,71676.23,71915.23,1318147,787,58,7,1.00147
2026-08-20T11:00:00Z,71915.23,72244.75,71802.83,71878.81,882951,786,58,6,1.00149
2026-08-20T12:00:00Z,71878.81,71950.04,71487.29,71870.16,970587,796,56,6,1.00137
2026-08-20T13:00:00Z,71870.16,71996.46,71188.22,71617.39,1799930,1011,59,7,1.00142
2026-08-20T14:00:00Z,71617.39,71905.37,71377.02,71749.06,1078449,910,59,6,1.00129
2026-08-20T15:00:00Z,71749.06,72757.00,71618.23,72444.26,2575445,1563,59,7,1.00135
2026-08-20T16:00:00Z,72444.26,72674.10,72219.43,72650.93,1029187,812,55,6,1.00142
2026-08-20T17:00:00Z,72650.93,72907.70,72392.84,72745.85,841205,635,58,6,1.00157
2026-08-20T18:00:00Z,72745.85,72759.36,72409.02,72431.27,645044,620,56,6,1.00149
2026-08-20T19:00:00Z,72431.27,72734.89,72335.58,72641.24,310114,400,53,6,1.00145
2026-08-20T20:00:00Z,72641.24,73039.54,72557.12,72635.37,516738,508,56,6,1.00140
2026-08-20T21:00:00Z,72635.37,72796.50,72570.43,72727.16,160922,254,50,3,1.00140
2026-08-20T22:00:00Z,72727.16,72834.84,72515.77,72695.82,332159,363,51,6,1.00156
2026-08-20T23:00:00Z,72695.82,73344.42,72683.64,73028.27,1618196,645,53,7,1.00158
2026-08-21T00:00:00Z,73028.27,73865.29,73028.23,73666.07,2290584,1250,60,7,1.00151
2026-08-21T01:00:00Z,73666.07,75568.29,73650.84,75147.00,5092140,1905,60,7,1.00138
2026-08-21T02:00:00Z,75147.00,75147.00,74374.71,74516.75,1704392,1194,58,6,1.00141
2026-08-21T03:00:00Z,74516.75,74810.02,74254.75,74500.14,711012,589,57,7,1.00151
2026-08-21T04:00:00Z,74500.14,74991.05,74500.14,74991.05,575705,512,52,6,1.00148
2026-08-21T05:00:00Z,74991.05,75424.69,74867.42,75401.84,1138295,859,57,7,1.00148
2026-08-21T06:00:00Z,75401.84,75664.21,75106.21,75591.51,1114838,881,59,6,1.00146
2026-08-21T07:00:00Z,75591.51,76826.04,75545.59,76357.12,2975308,1461,59,7,1.00145
2026-08-21T08:00:00Z,76357.12,79274.11,76267.32,79237.90,5248538,2470,60,7,1.00155
2026-08-21T09:00:00Z,79237.90,79237.90,77484.63,77868.46,5881437,2946,60,7,1.00153
2026-08-21T10:00:00Z,77868.46,78177.87,77630.65,77690.83,1274300,959,60,6,1.00154
2026-08-21T11:00:00Z,77690.83,77809.26,76456.95,76687.44,2710988,1430,60,7,1.00148
2026-08-21T12:00:00Z,76687.44,77397.97,76543.25,77156.07,1240875,1019,60,6,1.00154
2026-08-21T13:00:00Z,77156.07,77657.27,76254.86,77283.19,3265382,1714,60,7,1.00156
2026-08-21T14:00:00Z,77283.19,77361.68,76569.31,77230.71,2196594,1307,59,6,1.00167
2026-08-21T15:00:00Z,77230.71,77757.05,77219.91,77347.66,1296270,922,58,6,1.00165
2026-08-21T16:00:00Z,77347.66,77495.39,76798.40,77466.76,1221718,803,56,7,1.00156
2026-08-21T17:00:00Z,77466.76,77695.73,77198.92,77401.41,743138,625,56,6,1.00154
2026-08-21T18:00:00Z,77401.41,77488.40,76671.31,77012.24,1080352,683,55,6,1.00154
2026-08-21T19:00:00Z,77012.24,77291.75,76858.77,77047.96,646561,541,58,6,1.00159
2026-08-21T20:00:00Z,77047.96,77490.95,76877.29,77275.56,1669212,670,57,6,1.00163
2026-08-21T21:00:00Z,77275.56,78557.87,77275.56,78465.60,9012466,1376,58,7,1.00171
2026-08-21T22:00:00Z,78465.60,78711.15,78192.07,78453.41,2731982,1156,60,6,1.00171
2026-08-21T23:00:00Z,78453.41,78678.34,78148.54,78311.44,822672,714,58,7,1.00171
2026-08-22T00:00:00Z,78311.44,78463.16,77712.17,77908.13,1282671,924,58,7,1.00163
2026-08-22T01:00:00Z,77908.13,78165.37,77817.27,77841.40,404621,537,57,6,1.00172
2026-08-22T02:00:00Z,77841.40,78506.87,77808.65,78430.57,822388,723,60,6,1.00181
2026-08-22T03:00:00Z,78430.57,78756.02,78344.89,78420.74,854107,760,60,6,1.00184
2026-08-22T04:00:00Z,78420.74,78751.29,78233.73,78469.90,1016091,810,60,7,1.00186
2026-08-22T05:00:00Z,78469.90,78533.44,76589.68,77390.57,7591245,2093,60,7,1.00183
2026-08-22T06:00:00Z,77390.57,77524.41,77021.48,77454.05,616212,761,60,6,1.00182
2026-08-22T07:00:00Z,77454.05,77621.59,77241.74,77298.28,457058,567,60,6,1.00185
2026-08-22T08:00:00Z,77298.28,77393.86,77074.21,77160.77,517006,607,60,6,1.00177
2026-08-22T09:00:00Z,77160.77,77360.15,76861.85,77013.55,508423,548,60,6,1.00180
2026-08-22T10:00:00Z,77013.55,77276.79,76559.77,76964.14,1220654,872,60,6,1.00180
2026-08-22T11:00:00Z,76964.14,77180.05,76827.49,77071.24,282185,395,60,6,1.00186
2026-08-22T12:00:00Z,77071.24,77340.86,76977.15,77256.36,424042,400,60,6,1.00197
2026-08-22T13:00:00Z,77256.36,77330.74,77116.81,77267.82,147369,271,60,3,1.00197
2026-08-22T14:00:00Z,77267.82,77283.33,76937.11,76948.61,237296,378,60,5,1.00195
2026-08-22T15:00:00Z,76948.61,77275.75,76906.00,76928.04,195042,386,60,6,1.00197
2026-08-22T16:00:00Z,76928.04,77488.27,76928.04,77311.07,412636,456,60,6,1.00202
2026-08-22T17:00:00Z,77311.07,77330.36,77092.98,77279.29,144873,340,60,3,1.00202
2026-08-22T18:00:00Z,77279.29,77322.97,77132.21,77226.00,89822,281,60,2,1.00202
2026-08-22T19:00:00Z,77226.00,77438.76,77195.16,77407.01,82542,276,60,3,1.00206
2026-08-22T20:00:00Z,77407.01,77435.72,77251.88,77296.86,88581,253,60,3,1.00206
2026-08-22T21:00:00Z,77296.86,77342.20,76836.34,76863.74,497052,511,59,6,1.00152
2026-08-22T22:00:00Z,76863.74,77134.74,76812.17,76953.07,305814,454,59,6,1.00123
2026-08-22T23:00:00Z,76953.07,77079.45,76901.85,77055.21,96831,324,60,2,1.00123
2026-08-23T00:00:00Z,77055.21,77322.54,77003.48,77267.16,285362,329,56,6,1.00201
2026-08-23T01:00:00Z,77267.16,77355.46,77161.33,77167.05,207839,297,51,5,1.00198
2026-08-23T02:00:00Z,77167.05,77184.92,77004.91,77082.44,117696,317,60,4,1.00198
2026-08-23T03:00:00Z,77082.44,77190.47,76844.16,76900.77,231013,370,60,6,1.00042
2026-08-23T04:00:00Z,76900.77,76991.26,76504.24,76585.08,729049,576,60,6,0.99794
2026-08-23T05:00:00Z,76585.08,76690.74,75712.34,76097.82,2251976,1186,60,7,0.99841
2026-08-23T06:00:00Z,76097.82,76311.51,75917.27,76058.55,496358,507,60,6,0.99847
2026-08-23T07:00:00Z,76058.55,76304.00,75929.60,75954.65,259206,472,60,3,0.99847
2026-08-23T08:00:00Z,75954.65,76571.41,75954.65,76425.04,490331,468,60,6,1.00123
2026-08-23T09:00:00Z,76425.04,76600.74,76425.04,76577.52,144431,318,60,5,1.00182
2026-08-23T10:00:00Z,76577.52,76881.07,76493.84,76780.39,557465,441,60,6,1.00200
2026-08-23T11:00:00Z,76780.39,77343.59,76734.55,77297.88,823254,526,60,7,1.00206
2026-08-23T12:00:00Z,77297.88,77314.87,77013.26,77150.31,156784,324,60,3,1.00206
2026-08-23T13:00:00Z,77150.31,77665.08,77150.31,77456.00,1014574,767,60,7,1.00198
2026-08-23T14:00:00Z,77456.00,77597.41,76824.99,77177.81,1158523,772,60,5,1.00204
2026-08-23T15:00:00Z,77177.81,77306.21,76951.15,77130.00,367615,580,60,4,1.00210
2026-08-23T16:00:00Z,77130.00,77434.48,77103.08,77380.56,219679,365,60,7,1.00213
2026-08-23T17:00:00Z,77380.56,77424.37,77153.43,77226.07,237600,425,60,3,1.00213
2026-08-23T18:00:00Z,77226.07,77401.51,77142.16,77308.68,134223,320,59,4,1.00213
2026-08-23T19:00:00Z,77308.68,77447.94,77249.63,77339.58,135693,343,60,3,1.00213
2026-08-23T20:00:00Z,77339.58,77416.59,77213.03,77416.54,83194,303,60,4,1.00213
2026-08-23T21:00:00Z,77416.54,78006.24,77336.74,77779.78,1037660,835,60,7,1.00233
2026-08-23T22:00:00Z,77779.78,77942.71,77565.97,77565.97,550997,612,60,4,1.00233
2026-08-23T23:00:00Z,77565.97,77786.16,77369.74,77739.38,727583,773,60,6,1.00232
2026-08-24T00:00:00Z,77739.38,77739.38,77206.13,77440.09,689623,763,60,6,1.00231
2026-08-24T01:00:00Z,77440.09,77676.59,77021.28,77021.28,813490,720,60,6,1.00224
2026-08-24T02:00:00Z,77021.28,77503.97,76906.79,77438.31,633068,699,60,7,1.00228
2026-08-24T03:00:00Z,77438.31,77490.05,76902.32,76902.32,436475,546,60,7,1.00226
2026-08-24T04:00:00Z,76902.32,77208.46,76700.37,76867.40,546807,540,60,6,1.00228
2026-08-24T05:00:00Z,76867.40,77202.13,76828.13,77157.87,438555,632,60,6,1.00232
2026-08-24T06:00:00Z,77157.87,77467.39,77088.75,77452.64,523285,583,60,7,1.00233
2026-08-24T07:00:00Z,77452.64,77745.00,77259.79,77307.11,510076,527,60,7,1.00234
2026-08-24T08:00:00Z,77307.11,77478.38,76864.57,77017.92,693144,619,60,7,1.00224
2026-08-24T09:00:00Z,77017.92,77552.44,77017.92,77498.27,491227,570,60,7,1.00225
2026-08-24T10:00:00Z,77498.27,78018.46,77355.37,77577.41,878915,712,60,6,1.00225
2026-08-24T11:00:00Z,77577.41,78552.46,77491.83,78403.07,1582077,1082,60,7,1.00225
2026-08-24T12:00:00Z,78403.07,79238.76,78098.15,79119.04,2181278,1383,60,6,1.00225
2026-08-24T13:00:00Z,79119.04,79316.85,77891.91,78354.65,3951891,1920,60,7,1.00219
2026-08-24T14:00:00Z,78354.65,79785.43,78354.65,79457.25,4259321,2084,60,7,1.00213
2026-08-24T15:00:00Z,79457.25,79962.53,78877.77,79034.93,2928340,1619,60,6,1.00210
2026-08-24T16:00:00Z,79034.93,79816.84,78928.11,79067.72,2112645,1004,59,6,1.00205
2026-08-24T17:00:00Z,79067.72,79154.52,78487.07,78736.69,2558524,1194,59,6,1.00204
2026-08-24T18:00:00Z,78736.69,79047.12,78732.27,78908.42,651667,521,55,4,1.00202
2026-08-24T19:00:00Z,78908.42,79067.17,78624.62,78730.70,685327,487,56,4,1.00201
2026-08-24T20:00:00Z,78730.70,78949.67,78616.62,78895.36,402826,445,58,5,1.00200
2026-08-24T21:00:00Z,78895.36,79013.06,78762.78,78949.92,229068,344,60,6,1.00184
2026-08-24T22:00:00Z,78949.92,78949.99,78708.51,78771.55,243158,396,60,3,1.00184
2026-08-24T23:00:00Z,78771.55,78967.61,78650.47,78950.95,255964,389,60,3,1.00184
2026-08-25T00:00:00Z,78950.95,79839.39,78721.69,79744.91,1959870,1167,60,7,1.00199
2026-08-25T01:00:00Z,79744.91,79934.29,79509.84,79789.49,1057713,1001,60,6,1.00207
2026-08-25T02:00:00Z,79789.49,81146.98,79764.31,80650.85,5173654,1730,60,7,1.00195
2026-08-25T03:00:00Z,80650.85,80902.99,80376.60,80451.10,997337,965,59,6,1.00196
2026-08-25T04:00:00Z,80451.10,80574.15,80172.70,80307.67,798467,874,60,6,1.00189
2026-08-25T05:00:00Z,80307.67,80764.69,80307.67,80699.98,1211984,778,60,5,1.00196
2026-08-25T06:00:00Z,80699.98,80849.81,80422.05,80505.85,473927,702,60,6,1.00184
2026-08-25T07:00:00Z,80505.85,80769.89,79502.42,79718.04,1923068,985,60,7,1.00180
2026-08-25T08:00:00Z,79718.04,80184.72,79605.02,79890.21,928740,861,60,6,1.00197
2026-08-25T09:00:00Z,79890.21,80036.04,78906.73,79163.13,1715712,1107,60,7,1.00168
2026-08-25T10:00:00Z,79163.13,79425.89,79001.65,79320.66,518255,719,60,5,1.00158
2026-08-25T11:00:00Z,79320.66,79420.41,79068.34,79077.01,431910,674,60,3,1.00158
2026-08-25T12:00:00Z,79077.01,79153.13,78666.33,78971.56,1478515,1155,60,6,1.00051
2026-08-25T13:00:00Z,78971.56,79137.19,78145.68,78413.92,3355797,1768,60,6,0.99991
2026-08-25T14:00:00Z,78413.92,79332.16,78413.92,79231.08,1910379,1308,60,6,1.00093
2026-08-25T15:00:00Z,79231.08,79467.00,79048.01,79291.97,791713,879,60,6,1.00098
2026-08-25T16:00:00Z,79291.97,79533.40,79089.33,79113.01,543896,697,60,6,1.00098
2026-08-25T17:00:00Z,79113.01,79263.52,78785.82,79214.97,739040,570,60,6,1.00090
2026-08-25T18:00:00Z,79214.97,79317.34,79046.45,79095.98,269768,357,60,6,1.00093
2026-08-25T19:00:00Z,79095.98,79191.47,78749.03,78907.15,535112,568,60,6,1.00056
2026-08-25T20:00:00Z,78907.15,78938.72,78201.51,78208.95,1275125,750,60,7,0.99973
2026-08-25T21:00:00Z,78208.95,78619.56,77905.28,78594.92,1432830,840,60,6,0.99973
2026-08-25T22:00:00Z,78594.92,78952.73,78492.87,78908.79,742573,602,60,6,1.00090
2026-08-25T23:00:00Z,78908.79,78927.16,78355.51,78524.16,632576,598,60,6,0.99991
2026-08-26T00:00:00Z,78524.16,78673.40,78338.33,78649.16,670140,644,60,6,0.99872
2026-08-26T01:00:00Z,78649.16,78915.29,78536.71,78784.48,505466,535,60,6,0.99912
2026-08-26T02:00:00Z,78784.48,79193.05,78714.94,79085.29,604301,456,60,7,1.00021
2026-08-26T03:00:00Z,79085.29,79137.50,78897.11,79024.87,275701,447,60,3,1.00021
2026-08-26T04:00:00Z,79024.87,79146.93,78778.60,78778.60,427126,513,60,4,1.00111
2026-08-26T05:00:00Z,78778.60,79087.53,78663.04,79041.03,545903,580,60,6,0.99918
2026-08-26T06:00:00Z,79041.03,79153.65,78821.13,78905.84,410850,484,60,6,0.99990
2026-08-26T07:00:00Z,78905.84,79049.49,78865.96,78949.86,236560,386,60,3,1.00051
2026-08-26T08:00:00Z,78949.86,79067.17,78640.41,78663.24,485273,536,60,7,0.99882
2026-08-26T09:00:00Z,78663.24,78833.66,78313.35,78393.40,846808,637,60,6,0.99947
2026-08-26T10:00:00Z,78393.40,78828.02,78301.08,78689.23,451365,525,60,6,0.99987
2026-08-26T11:00:00Z,78689.23,78743.70,78351.83,78478.25,331845,392,60,6,0.99947
2026-08-26T12:00:00Z,78478.25,78661.26,78005.77,78338.43,1599590,917,60,6,1.00080
2026-08-26T13:00:00Z,78338.43,78515.11,77940.15,78419.14,1224730,910,60,6,1.00180
2026-08-26T14:00:00Z,78419.14,78569.55,77770.31,77805.30,1142350,805,60,7,0.99812
2026-08-26T15:00:00Z,77805.30,78125.24,77676.49,78001.34,791997,602,60,6,0.99789
2026-08-26T16:00:00Z,78001.34,78125.34,77891.95,78016.57,398827,483,60,3,0.99789
2026-08-26T17:00:00Z,78016.57,78571.14,77968.43,78438.61,749137,591,60,6,1.00146
2026-08-26T18:00:00Z,78438.61,78605.25,78296.99,78463.13,439837,425,60,6,1.00048
2026-08-26T19:00:00Z,78463.13,78533.67,78299.76,78455.34,206125,380,60,3,1.00146
2026-08-26T20:00:00Z,78455.34,78486.54,78231.10,78421.37,217255,378,60,3,1.00146
2026-08-26T21:00:00Z,78421.37,78809.06,78386.53,78759.39,588866,528,60,6,1.00211
2026-08-26T22:00:00Z,78759.39,78946.38,78555.89,78703.46,531792,540,60,6,1.00192
2026-08-26T23:00:00Z,78703.46,79134.64,78638.86,79035.72,462924,462,60,7,1.00219
2026-08-27T00:00:00Z,79035.72,79035.72,78725.82,78725.82,259787,424,60,3,1.00219
2026-08-27T01:00:00Z,78725.82,78993.49,78601.55,78927.81,688932,585,60,7,1.00211
2026-08-27T02:00:00Z,78927.81,78958.22,78711.94,78837.82,166707,268,60,2,1.00196
2026-08-27T03:00:00Z,78837.82,78946.49,78666.49,78770.50,194928,325,60,3,1.00196
2026-08-27T04:00:00Z,78770.50,78860.67,78668.77,78746.45,140596,338,60,3,1.00196
2026-08-27T05:00:00Z,78746.45,78880.84,78600.40,78861.27,282391,413,60,3,1.00196
2026-08-27T06:00:00Z,78861.27,78861.27,78595.82,78762.68,266895,375,60,3,1.00196
2026-08-27T07:00:00Z,78762.68,79009.99,78727.63,78998.39,221223,326,60,6,1.00213
2026-08-27T08:00:00Z,78998.39,79981.42,78998.39,79700.93,1990589,1148,60,7,1.00222
2026-08-27T09:00:00Z,79700.93,80483.10,79700.93,80305.80,2513231,1402,60,7,1.00223
2026-08-27T10:00:00Z,80305.80,80305.80,79398.89,79586.31,1468878,925,60,6,1.00220
2026-08-27T11:00:00Z,79586.31,79728.89,79302.06,79419.16,661119,573,60,6,1.00220
2026-08-27T12:00:00Z,79419.16,79555.50,79267.09,79287.41,313608,452,60,3,1.00220
2026-08-27T13:00:00Z,79287.41,79459.40,79005.28,79436.14,1322257,939,60,7,1.00218
2026-08-27T14:00:00Z,79436.14,80362.76,79380.89,80226.29,1986104,1221,60,6,1.00227
2026-08-27T15:00:00Z,80226.29,80765.16,80134.43,80348.07,1521338,1038,60,6,1.00229
2026-08-27T16:00:00Z,80348.07,80593.79,80196.56,80405.19,638113,630,60,6,1.00228
2026-08-27T17:00:00Z,80405.19,80807.01,80275.84,80483.97,667728,598,59,6,1.00227
2026-08-27T18:00:00Z,80483.97,80495.46,79792.59,80121.49,1326828,751,60,6,1.00218
2026-08-27T19:00:00Z,80121.49,80254.46,79958.58,79964.36,368244,432,60,6,1.00222
2026-08-27T20:00:00Z,79964.36,80100.06,79893.79,80076.06,152477,282,60,3,1.00222
2026-08-27T21:00:00Z,80076.06,80183.07,79814.21,80171.36,295162,356,60,3,1.00222
2026-08-27T22:00:00Z,80171.36,80697.69,80171.36,80231.06,438475,398,60,6,1.00223
2026-08-27T23:00:00Z,80231.06,80372.64,80164.08,80246.19,173158,342,60,3,1.00223
2026-08-28T00:00:00Z,80246.19,80683.13,80171.47,80598.00,614892,527,60,6,1.00223
2026-08-28T01:00:00Z,80598.00,81282.00,80449.95,80449.95,2140941,1098,60,7,1.00225
2026-08-28T02:00:00Z,80449.95,80642.16,79774.04,79953.12,1446008,906,60,7,1.00214
2026-08-28T03:00:00Z,79953.12,80038.77,79784.07,79832.50,310953,393,60,5,1.00213
2026-08-28T04:00:00Z,79832.50,79985.09,79640.40,79640.68,489518,442,60,7,1.00208
2026-08-28T05:00:00Z,79640.68,79853.67,79569.46,79678.57,303694,395,60,6,1.00198
2026-08-28T06:00:00Z,79678.57,79972.24,79644.93,79949.98,145936,277,60,3,1.00197
2026-08-28T07:00:00Z,79949.98,79949.98,79590.70,79612.85,282332,324,60,4,1.00183
2026-08-28T08:00:00Z,79612.85,79817.19,79498.18,79537.91,321854,454,60,5,0.99899
2026-08-28T09:00:00Z,79537.91,79537.91,79289.19,79325.69,493754,397,60,6,0.99810
2026-08-28T10:00:00Z,79325.69,79456.44,79087.03,79297.13,617002,505,60,6,0.99824
2026-08-28T11:00:00Z,79297.13,79736.42,79297.13,79545.65,377513,389,60,6,0.99962
2026-08-28T12:00:00Z,79545.65,79692.70,79334.77,79403.48,312303,412,60,3,1.00002
2026-08-28T13:00:00Z,79403.48,79520.72,79086.79,79474.71,926855,666,60,6,0.99829
2026-08-28T14:00:00Z,79474.71,79677.21,78509.68,79322.12,4889290,2007,60,7,0.99795
2026-08-28T15:00:00Z,79322.12,79772.81,78351.88,78362.26,2404180,1228,60,7,0.99790
2026-08-28T16:00:00Z,78362.26,78499.49,76906.77,77811.51,4307189,1839,60,7,0.99796
2026-08-28T17:00:00Z,77811.51,78082.35,77658.76,77873.19,825362,791,60,6,0.99802
2026-08-28T18:00:00Z,77873.19,77904.69,77272.71,77505.16,796991,640,60,6,0.99800
2026-08-28T19:00:00Z,77505.16,77747.64,77390.63,77537.02,360035,438,60,6,0.99798
2026-08-28T20:00:00Z,77537.02,77565.56,77294.43,77379.56,230946,369,60,4,0.99797
2026-08-28T21:00:00Z,77379.56,77514.23,77260.22,77336.45,229638,371,60,6,0.99796
2026-08-28T22:00:00Z,77336.45,77736.43,77298.45,77730.55,215679,348,60,5,0.99798
2026-08-28T23:00:00Z,77730.55,77757.89,77415.86,77419.57,150216,299,60,5,0.99804
2026-08-29T00:00:00Z,77419.57,77916.34,77419.57,77756.77,256035,343,60,6,0.99803
2026-08-29T01:00:00Z,77756.77,77856.12,77635.79,77749.02,177269,318,60,2,0.99803
2026-08-29T02:00:00Z,77749.02,77805.91,77581.07,77678.01,116907,281,60,2,0.99803
2026-08-29T03:00:00Z,77678.01,77692.00,77539.18,77539.30,76657,242,60,2,0.99828
2026-08-29T04:00:00Z,77539.30,77695.45,77524.03,77585.23,36129,214,60,2,0.99828
2026-08-29T05:00:00Z,77585.23,77683.23,77572.12,77614.10,33396,199,60,2,0.99828
2026-08-29T06:00:00Z,77614.10,77709.19,77375.87,77434.61,229928,299,60,6,0.99832
2026-08-29T07:00:00Z,77434.61,77639.01,77433.14,77639.01,100750,256,60,3,0.99832
2026-08-29T08:00:00Z,77639.01,77639.10,77464.81,77602.37,99800,260,60,3,0.99832
2026-08-29T09:00:00Z,77602.37,77719.96,77560.83,77687.93,90274,236,60,3,0.99832
2026-08-29T10:00:00Z,77687.93,77691.77,77523.88,77672.94,105715,269,60,2,0.99832
2026-08-29T11:00:00Z,77672.94,77803.43,77563.03,77563.03,51509,205,60,3,0.99832
2026-08-29T12:00:00Z,77563.03,77702.58,77431.74,77522.43,61920,240,60,3,0.99837
2026-08-29T13:00:00Z,77522.43,77687.04,77522.43,77684.49,76437,232,60,3,0.99837
2026-08-29T14:00:00Z,77684.49,78119.75,77576.52,78018.22,560103,398,60,7,0.99848
2026-08-29T15:00:00Z,78018.22,78018.22,77807.04,77807.04,177715,326,60,3,0.99848
2026-08-29T16:00:00Z,77807.04,78099.96,77807.04,78029.49,234284,374,60,3,0.99848
2026-08-29T17:00:00Z,78029.49,78064.45,77830.95,78064.45,114944,261,60,3,0.99848
2026-08-29T18:00:00Z,78064.45,78215.10,77918.85,78194.89,263403,340,60,6,1.00232
2026-08-29T19:00:00Z,78194.89,78298.95,78033.87,78136.24,195490,282,60,6,1.00232
2026-08-29T20:00:00Z,78136.24,78266.39,78110.88,78114.39,96166,228,60,2,1.00232
2026-08-29T21:00:00Z,78114.39,78164.28,78031.15,78111.85,91708,260,60,3,1.00232
2026-08-29T22:00:00Z,78111.85,78200.41,78017.40,78200.41,87778,242,60,3,1.00232
2026-08-29T23:00:00Z,78200.41,78250.78,78151.01,78189.31,46538,189,60,2,1.00232
2026-08-30T00:00:00Z,78189.31,78289.22,78118.87,78206.31,156232,323,60,5,1.00225
2026-08-30T01:00:00Z,78206.31,78206.31,77907.62,78079.70,120174,252,58,2,1.00225
2026-08-30T02:00:00Z,78079.70,78142.58,78009.49,78136.78,63043,247,60,3,1.00225
2026-08-30T03:00:00Z,78136.78,78209.66,78056.79,78181.17,69898,260,60,3,1.00225
2026-08-30T04:00:00Z,78181.17,78183.33,77996.80,78072.60,107838,248,60,3,1.00225
2026-08-30T05:00:00Z,78072.60,78190.26,78072.60,78100.00,66226,220,60,3,1.00225
2026-08-30T06:00:00Z,78100.00,78276.35,78080.44,78220.05,70068,191,60,2,1.00249
2026-08-30T07:00:00Z,78220.05,78276.36,78113.66,78146.52,58068,194,60,2,1.00249
2026-08-30T08:00:00Z,78146.52,78170.24,78020.23,78021.13,57080,221,60,3,1.00249
2026-08-30T09:00:00Z,78021.13,78082.25,77970.70,77970.70,42470,194,60,4,1.00249
2026-08-30T10:00:00Z,77970.70,78126.00,77933.80,78072.52,129140,254,60,3,1.00249
2026-08-30T11:00:00Z,78072.52,78198.38,78072.52,78124.48,50264,211,60,4,1.00248
2026-08-30T12:00:00Z,78124.48,78818.80,78124.48,78748.06,1151077,668,60,7,1.00247
2026-08-30T13:00:00Z,78748.06,78929.22,78582.37,78892.86,352158,390,60,6,1.00244
2026-08-30T14:00:00Z,78892.86,78909.94,78716.43,78740.79,229561,360,60,3,1.00244
2026-08-30T15:00:00Z,78740.79,78869.48,78662.22,78784.49,252843,356,60,3,1.00244
2026-08-30T16:00:00Z,78784.49,79343.43,78784.49,79340.47,1066403,697,60,6,1.00242
2026-08-30T17:00:00Z,79340.47,79340.47,78786.49,78944.92,456542,431,60,6,1.00239
2026-08-30T18:00:00Z,78944.92,79138.01,78784.56,78979.95,293523,404,60,4,1.00239
2026-08-30T19:00:00Z,78979.95,79016.40,78746.98,78826.60,237982,341,60,6,1.00228
2026-08-30T20:00:00Z,78826.60,78906.20,78475.78,78619.37,719971,563,60,6,1.00225
2026-08-30T21:00:00Z,78619.37,78692.58,78270.76,78646.09,910313,653,60,6,1.00220
2026-08-30T22:00:00Z,78646.09,78764.80,78313.04,78456.49,668498,648,60,7,1.00220
2026-08-30T23:00:00Z,78456.49,78456.49,77124.42,77679.37,2968142,1350,60,7,1.00109
2026-08-31T00:00:00Z,77679.37,78131.60,77469.20,77946.23,1061699,705,60,7,1.00219
2026-08-31T01:00:00Z,77946.23,77954.95,77594.70,77647.22,769360,757,60,6,1.00192
2026-08-31T02:00:00Z,77647.22,77955.70,77416.09,77447.84,638476,667,60,6,1.00104
2026-08-31T03:00:00Z,77447.84,77819.38,77416.85,77767.53,408590,265,44,3,1.00104
2026-08-31T04:00:00Z,77767.53,77767.53,77467.61,77613.10,231719,344,59,3,1.00104
2026-08-31T05:00:00Z,77613.10,78120.74,77539.19,78009.13,788507,495,55,6,1.00167
2026-08-31T06:00:00Z,78009.13,78104.72,77883.89,78079.28,350036,355,59,3,1.00167
2026-08-31T07:00:00Z,78079.28,78265.80,78040.45,78174.72,350958,389,60,6,1.00203
2026-08-31T08:00:00Z,78174.72,78465.59,77970.14,78465.59,721680,585,59,6,1.00214
2026-08-31T09:00:00Z,78465.59,78754.11,78407.24,78533.62,776652,516,60,6,1.00217
2026-08-31T10:00:00Z,78533.62,78664.70,78284.82,78664.70,308794,383,60,5,1.00214
2026-08-31T11:00:00Z,78664.70,78664.70,78221.72,78304.35,254181,339,60,5,1.00210
2026-08-31T12:00:00Z,78304.35,78481.29,77745.56,77866.41,1345005,834,60,6,0.99873
2026-08-31T13:00:00Z,77866.41,78220.92,77752.66,77820.66,1464961,1082,60,6,0.99826
2026-08-31T14:00:00Z,77820.66,78624.11,77764.78,78577.94,1797146,1078,60,6,0.99873
2026-08-31T15:00:00Z,78577.94,78699.75,78225.20,78565.44,825942,663,60,6,1.00019
2026-08-31T16:00:00Z,78565.44,78743.58,78481.96,78663.71,688276,636,60,6,0.99819
2026-08-31T17:00:00Z,78663.71,78958.44,78493.23,78908.02,631270,597,60,6,0.99861
2026-08-31T18:00:00Z,78908.02,79168.92,78742.62,79018.26,658625,602,60,7,1.00195
2026-08-31T19:00:00Z,79018.26,79206.75,78805.65,78915.24,417857,473,60,6,1.00200
2026-08-31T20:00:00Z,78915.24,79125.79,78707.71,78867.08,292076,441,60,3,1.00200
2026-08-31T21:00:00Z,78867.08,79016.85,78723.22,78968.64,234198,375,60,6,1.00204
2026-08-31T22:00:00Z,78968.64,78992.87,78513.47,78610.92,409686,456,60,7,1.00195
2026-08-31T23:00:00Z,78610.92,78695.21,78352.64,78442.88,310934,352,60,6,1.00204
2026-09-01T00:00:00Z,78442.88,78842.56,78442.88,78599.98,362667,464,60,5,1.00151
2026-09-01T01:00:00Z,78599.98,78739.69,78326.85,78326.85,416795,478,60,5,1.00198
2026-09-01T02:00:00Z,78326.85,78478.22,78161.88,78400.26,444159,418,60,6,1.00198
2026-09-01T03:00:00Z,78400.26,78808.12,78279.05,78619.86,482810,425,59,7,1.00202
2026-09-01T04:00:00Z,78619.86,78842.50,78587.99,78704.70,258549,314,60,5,1.00204
2026-09-01T05:00:00Z,78704.70,79160.74,78695.40,79067.07,681014,541,60,7,1.00205
2026-09-01T06:00:00Z,79067.07,79141.41,78710.11,78857.11,280451,335,60,5,1.00203
2026-09-01T07:00:00Z,78857.11,78939.30,78489.02,78632.63,415297,380,60,7,1.00106
2026-09-01T08:00:00Z,78632.63,78633.12,77764.58,77818.92,1314084,767,60,7,0.99749
2026-09-01T09:00:00Z,77818.92,78004.49,77744.95,77800.06,265476,402,60,6,0.99749
2026-09-01T10:00:00Z,77800.06,78164.17,77773.51,77901.78,428471,481,60,5,0.99749
2026-09-01T11:00:00Z,77901.78,78145.13,77827.69,78063.96,245015,359,60,3,0.99749
2026-09-01T12:00:00Z,78063.96,78095.61,77752.05,77997.13,518162,541,60,3,0.99750
2026-09-01T13:00:00Z,77997.13,78137.19,77491.69,78007.45,1815454,994,60,6,0.99750
2026-09-01T14:00:00Z,78007.45,78360.16,77927.13,78149.94,1035366,734,60,6,0.99749
2026-09-01T15:00:00Z,78149.94,78150.21,77697.65,77928.15,617162,487,58,6,0.99749
2026-09-01T16:00:00Z,77928.15,77928.15,77334.30,77473.85,1051251,744,60,6,0.99746
2026-09-01T17:00:00Z,77473.85,77672.39,77232.20,77260.45,534595,530,60,6,0.99744
2026-09-01T18:00:00Z,77260.45,77278.99,76428.97,76801.84,1975413,1155,60,6,0.99745
2026-09-01T19:00:00Z,76801.84,77409.06,76801.84,77253.19,776428,592,60,6,0.99746
2026-09-01T20:00:00Z,77253.19,77409.96,77140.90,77302.91,371396,434,60,5,0.99746
2026-09-01T21:00:00Z,77302.91,77457.99,76916.59,77073.34,720057,600,59,6,0.99746
2026-09-01T22:00:00Z,77073.34,77301.87,76953.45,77279.25,331334,388,60,3,0.99746
2026-09-01T23:00:00Z,77279.25,77562.74,77024.05,77403.52,525132,392,60,7,0.99751
2026-09-02T00:00:00Z,77403.52,77449.57,77098.57,77211.54,311415,391,60,4,0.99751
2026-09-02T01:00:00Z,77211.54,77312.34,76650.48,76980.09,882169,675,60,6,0.99751
2026-09-02T02:00:00Z,76980.09,77268.01,76742.33,77260.78,473217,449,60,7,0.99755
2026-09-02T03:00:00Z,77260.78,77688.56,77082.72,77421.02,861571,614,60,7,0.99761
2026-09-02T04:00:00Z,77421.02,77549.25,77235.68,77422.81,244159,347,60,5,0.99760
2026-09-02T05:00:00Z,77422.81,77701.35,77340.07,77503.46,295155,351,60,4,0.99760
2026-09-02T06:00:00Z,77503.46,77663.91,77360.13,77541.44,264439,372,60,2,0.99760
2026-09-02T07:00:00Z,77541.44,77700.99,77398.51,77480.51,190412,338,60,3,0.99760
2026-09-02T08:00:00Z,77480.51,77495.73,76652.08,76814.02,959763,673,60,6,0.99765
2026-09-02T09:00:00Z,76814.02,76987.82,76432.53,76696.65,798113,665,60,6,0.99766
2026-09-02T10:00:00Z,76696.65,76726.09,76252.60,76628.12,637309,581,60,6,0.99763
2026-09-02T11:00:00Z,76628.12,76687.73,76222.57,76581.33,589240,500,60,6,0.99766
2026-09-02T12:00:00Z,76581.33,76987.38,76520.29,76614.44,593668,495,60,7,0.99778
2026-09-02T13:00:00Z,76614.44,77374.49,76609.81,77084.78,1544505,961,60,6,0.99789
2026-09-02T14:00:00Z,77084.78,77425.47,76929.89,77072.02,980193,748,60,6,0.99783
2026-09-02T15:00:00Z,77072.02,77326.51,76751.00,77080.82,1421566,959,60,7,0.99794
2026-09-02T16:00:00Z,77080.82,77520.89,77080.82,77181.60,672033,551,60,6,1.00146
2026-09-02T17:00:00Z,77181.60,77352.88,76901.73,77218.26,442169,424,60,6,1.00002
2026-09-02T18:00:00Z,77218.26,77482.31,77178.02,77332.79,275416,364,60,6,1.00161
2026-09-02T19:00:00Z,77332.79,77367.51,76959.73,77292.64,328065,358,60,3,1.00161
2026-09-02T20:00:00Z,77292.64,77468.70,77168.23,77421.09,455419,433,60,4,1.00038
2026-09-02T21:00:00Z,77421.09,77421.09,77146.25,77182.31,167513,287,60,3,1.00038
2026-09-02T22:00:00Z,77182.31,77302.29,76923.30,77048.03,280944,360,60,5,0.99882
2026-09-02T23:00:00Z,77048.03,77319.99,76932.25,77319.99,247067,371,60,3,0.99882
2026-09-03T00:00:00Z,77319.99,77340.14,76931.26,77088.37,230274,361,60,3,0.99882
2026-09-03T01:00:00Z,77088.37,77490.40,76976.32,77371.64,684456,643,60,6,1.00155
2026-09-03T02:00:00Z,77371.64,77829.21,77142.61,77813.38,829096,599,60,7,1.00170
2026-09-03T03:00:00Z,77813.38,77828.97,77553.15,77567.42,1322066,374,60,4,0.99801
2026-09-03T04:00:00Z,77567.42,77775.04,77459.04,77620.53,301525,331,60,4,0.99790
2026-09-03T05:00:00Z,77620.53,77774.78,77119.41,77573.03,1226090,770,60,7,0.99781
2026-09-03T06:00:00Z,77573.03,77790.25,77318.71,77650.02,136599,249,60,5,0.99783
2026-09-03T07:00:00Z,77650.02,78111.22,77481.61,77502.46,997630,653,59,7,0.99783
2026-09-03T08:00:00Z,77502.46,78003.35,77450.24,77684.25,387145,432,60,3,0.99996
2026-09-03T09:00:00Z,77684.25,77913.89,77528.06,77528.88,221210,345,60,3,0.99996
2026-09-03T10:00:00Z,77528.88,77808.45,77378.07,77715.16,419475,417,60,6,1.00155
2026-09-03T11:00:00Z,77715.16,77951.99,77567.48,77790.71,301533,352,60,6,1.00170
2026-09-03T12:00:00Z,77790.71,78727.33,77773.73,78666.23,1744745,816,60,7,1.00190
2026-09-03T13:00:00Z,78666.23,78949.14,78202.48,78814.65,1371667,835,60,6,1.00188
2026-09-03T14:00:00Z,78814.65,80470.74,78708.60,80335.35,3636148,1706,60,7,1.00200
2026-09-03T15:00:00Z,80335.35,81402.36,80335.35,81151.75,2918250,1337,60,7,1.00202
2026-09-03T16:00:00Z,81151.75,81488.23,80621.31,80955.01,1314698,985,60,6,1.00201
2026-09-03T17:00:00Z,80955.01,81169.45,80712.38,81057.48,409679,548,60,6,1.00204
2026-09-03T18:00:00Z,81057.48,81304.08,80819.55,81248.48,530770,533,60,6,1.00205
2026-09-03T19:00:00Z,81248.48,81744.06,81047.72,81692.01,1478639,895,60,6,1.00209
2026-09-03T20:00:00Z,81692.01,81753.71,81322.87,81336.09,499653,680,60,4,1.00206
2026-09-03T21:00:00Z,81336.09,82136.77,81262.53,81499.42,1618973,939,60,6,1.00203
2026-09-03T22:00:00Z,81499.42,81643.80,80958.37,81161.74,1032433,764,60,6,1.00201
2026-09-03T23:00:00Z,81161.74,81325.73,80996.02,81288.10,241259,372,60,3,1.00201
2026-09-04T00:00:00Z,81288.10,81406.37,80887.44,81012.83,514682,563,60,6,1.00201
2026-09-04T01:00:00Z,81012.83,81140.38,80717.04,81016.00,498551,503,60,6,1.00197
2026-09-04T02:00:00Z,81016.00,81016.00,80641.56,80811.24,346149,396,60,6,1.00181
2026-09-04T03:00:00Z,80811.24,80998.23,80725.66,80898.89,160515,303,60,3,1.00181
2026-09-04T04:00:00Z,80898.89,81259.98,80698.63,81099.57,382460,440,60,6,1.00200
2026-09-04T05:00:00Z,81099.57,81112.15,80792.20,80935.78,320782,453,60,4,1.00200
2026-09-04T06:00:00Z,80935.78,81065.27,80611.90,80763.20,536932,524,60,7,1.00201
2026-09-04T07:00:00Z,80763.20,80932.34,80452.82,80545.98,1983743,387,60,3,1.00201
2026-09-04T08:00:00Z,80545.98,81198.40,80528.09,81018.82,825289,608,60,6,1.00202
2026-09-04T09:00:00Z,81018.82,81272.18,80862.14,81012.08,542531,564,60,6,1.00202
2026-09-04T10:00:00Z,81012.08,81161.81,80768.49,81161.81,312252,435,60,4,1.00205
2026-09-04T11:00:00Z,81161.81,81370.61,80927.36,81255.46,314377,407,60,6,1.00207
2026-09-04T12:00:00Z,81255.46,81319.43,79219.75,79466.34,7511242,1871,60,7,1.00192
2026-09-04T13:00:00Z,79466.34,79674.20,79035.00,79371.07,2006272,1133,60,6,1.00201
2026-09-04T14:00:00Z,79371.07,79531.67,78685.10,78938.81,1807471,1051,60,6,0.99917
2026-09-04T15:00:00Z,78938.81,79533.10,78775.57,79430.15,879062,643,60,6,0.99917
2026-09-04T16:00:00Z,79430.15,79853.46,79233.77,79517.81,681668,499,60,7,1.00150
2026-09-04T17:00:00Z,79517.81,79841.94,79439.88,79518.63,222577,338,60,4,1.00150
2026-09-04T18:00:00Z,79518.63,79641.41,79456.14,79518.63,99188,249,60,3,1.00150
2026-09-04T19:00:00Z,79518.63,79797.59,79518.63,79789.90,182078,317,60,4,1.00150
2026-09-04T20:00:00Z,79789.90,79850.93,79518.63,79545.77,87149,235,60,6,0.99826
2026-09-04T21:00:00Z,79545.77,79818.29,79502.80,79539.60,161491,280,60,4,0.99826
2026-09-04T22:00:00Z,79539.60,79712.28,79539.60,79690.07,37924,199,60,3,0.99826
2026-09-04T23:00:00Z,79690.07,79754.44,79545.77,79545.77,73210,242,60,3,0.99826
2026-09-05T00:00:00Z,79545.77,79708.48,79265.26,79626.92,60688,233,60,3,0.99826
2026-09-05T01:00:00Z,79626.92,79705.95,79545.82,79600.85,108144,268,60,3,0.99826
2026-09-05T02:00:00Z,79600.85,79609.48,79458.82,79600.83,59727,218,60,3,0.99826
2026-09-05T03:00:00Z,79600.83,79618.70,79484.44,79544.55,31378,200,60,3,0.99826
2026-09-05T04:00:00Z,79544.55,79615.44,79465.57,79544.55,25208,166,60,3,0.99826
2026-09-05T05:00:00Z,79544.55,79590.30,79413.87,79590.30,75329,217,60,3,0.99826
2026-09-05T06:00:00Z,79590.30,79722.92,79544.55,79701.39,58350,210,60,3,0.99826
2026-09-05T07:00:00Z,79701.39,79747.70,79544.55,79544.55,27563,199,60,3,0.99826
2026-09-05T08:00:00Z,79544.55,79743.55,79485.68,79605.44,102745,238,60,3,0.99826
2026-09-05T09:00:00Z,79605.44,79715.05,79592.19,79592.19,55845,214,60,3,0.99826
2026-09-05T10:00:00Z,79592.19,79670.91,79567.28,79640.20,18955,193,60,4,0.99826
2026-09-05T11:00:00Z,79640.20,79657.03,79577.70,79656.17,14986,193,60,4,0.99826
2026-09-05T12:00:00Z,79656.17,79752.41,79578.67,79605.41,81371,245,60,3,0.99826
2026-09-05T13:00:00Z,79605.41,79749.55,79572.24,79608.44,84694,238,60,3,0.99826
2026-09-05T14:00:00Z,79608.44,79736.00,79605.41,79669.89,53224,209,60,3,0.99826
2026-09-05T15:00:00Z,79669.89,79790.53,79522.26,79609.12,63068,210,60,3,0.99826
2026-09-05T16:00:00Z,79609.12,80178.25,79609.12,80069.01,548580,390,60,6,1.00272
2026-09-05T17:00:00Z,80069.01,80141.30,79888.59,79888.59,221447,347,60,3,1.00272
2026-09-05T18:00:00Z,79888.59,80063.81,79888.24,79908.39,53092,221,59,4,1.00272
2026-09-05T19:00:00Z,79908.39,79976.23,79725.85,79761.96,137369,279,59,4,1.00272
2026-09-05T20:00:00Z,79761.96,79918.45,79672.63,79868.31,125816,261,60,4,1.00272
2026-09-05T21:00:00Z,79868.31,79914.49,79694.96,79868.31,74558,219,60,3,1.00272
2026-09-05T22:00:00Z,79868.31,79944.71,79728.49,79728.49,80929,251,60,3,1.00272
2026-09-05T23:00:00Z,79728.49,79882.45,79721.74,79868.31,119360,241,59,3,1.00272
2026-09-06T00:00:00Z,79868.31,79948.16,79808.75,79868.31,36841,205,60,3,1.00272
2026-09-06T01:00:00Z,79868.31,80040.13,79868.31,79869.46,111516,258,60,3,1.00272
2026-09-06T02:00:00Z,79869.46,79991.65,79834.93,79867.48,85030,237,60,3,1.00272
2026-09-06T03:00:00Z,79867.48,80085.51,79854.46,79870.72,154273,254,60,3,1.00272
2026-09-06T04:00:00Z,79870.72,80050.06,79777.75,79964.57,64868,236,58,3,1.00272
2026-09-06T05:00:00Z,79964.57,80081.62,79764.98,79951.44,178425,315,59,3,1.00272
2026-09-06T06:00:00Z,79951.44,79995.81,79699.13,79852.31,116306,287,60,3,1.00272
2026-09-06T07:00:00Z,79852.31,79852.31,79615.08,79772.48,250587,327,60,5,1.00252
2026-09-06T08:00:00Z,79772.48,79872.81,79742.88,79772.48,63790,245,60,3,1.00252
2026-09-06T09:00:00Z,79772.48,79970.22,79772.48,79888.79,80473,227,60,3,1.00252
2026-09-06T10:00:00Z,79888.79,80025.92,79772.78,79772.79,45036,210,60,3,1.00252
2026-09-06T11:00:00Z,79772.79,80007.84,79772.79,79772.79,42629,194,58,3,1.00252
2026-09-06T12:00:00Z,79772.79,79984.23,79772.79,79983.99,59862,232,60,4,1.00252
2026-09-06T13:00:00Z,79983.99,79983.99,79588.51,79780.44,128062,271,60,4,1.00252
2026-09-06T14:00:00Z,79780.44,79819.55,79374.62,79568.64,958940,611,60,6,0.99879
2026-09-06T15:00:00Z,79568.64,79696.22,79431.17,79474.10,186757,297,60,4,0.99879
2026-09-06T16:00:00Z,79474.10,79750.06,79474.10,79474.10,113535,255,55,4,0.99879
2026-09-06T17:00:00Z,79474.10,79743.20,79416.89,79422.30,117430,284,60,4,0.99879
2026-09-06T18:00:00Z,79422.30,79940.25,79365.19,79645.48,262335,286,60,5,0.99804
2026-09-06T19:00:00Z,79645.48,79938.08,79645.48,79666.16,44864,197,60,3,0.99804
2026-09-06T20:00:00Z,79666.16,79946.76,79645.48,79645.48,91081,247,60,3,0.99804
2026-09-06T21:00:00Z,79645.48,80002.97,79521.84,79693.41,165822,320,60,6,0.99848
2026-09-06T22:00:00Z,79693.41,80053.92,79670.01,79723.89,322752,392,59,6,0.99879
2026-09-06T23:00:00Z,79723.89,80523.36,79723.89,80340.78,984118,608,60,6,1.00252
2026-09-07T00:00:00Z,80340.78,80405.31,80052.12,80119.20,345663,418,60,4,1.00252
2026-09-07T01:00:00Z,80119.20,80261.39,79775.62,79937.67,550233,503,60,6,1.00235
2026-09-07T02:00:00Z,79937.67,80385.74,79834.19,79876.74,730168,609,60,7,0.99879
2026-09-07T03:00:00Z,79876.74,79966.87,79505.88,79632.03,550416,425,58,6,0.99793
2026-09-07T04:00:00Z,79632.03,79845.61,79501.56,79657.55,149957,289,60,6,0.99791
2026-09-07T05:00:00Z,79657.55,79882.72,79657.55,79791.30,146633,294,60,3,0.99791
2026-09-07T06:00:00Z,79791.30,79791.30,79561.35,79687.40,68742,215,60,3,0.99791
2026-09-07T07:00:00Z,79687.40,79687.40,79026.17,79366.10,1114726,598,60,7,0.99785
2026-09-07T08:00:00Z,79366.10,79501.36,79040.33,79195.40,136566,272,60,5,0.99802
2026-09-07T09:00:00Z,79195.40,79510.52,79052.86,79328.43,204623,318,60,4,0.99809
2026-09-07T10:00:00Z,79328.43,79424.02,79200.52,79215.00,92218,227,60,3,0.99809
2026-09-07T11:00:00Z,79215.00,79446.02,79215.00,79291.73,92616,251,60,3,0.99809
2026-09-07T12:00:00Z,79291.73,79591.69,79080.01,79591.69,144741,298,60,6,0.99816
2026-09-07T13:00:00Z,79591.69,79604.96,79167.53,79382.96,201954,342,60,4,0.99817
2026-09-07T14:00:00Z,79382.96,79382.96,78990.78,79227.11,591831,538,60,6,0.99802
2026-09-07T15:00:00Z,79227.11,79227.11,78681.04,78812.67,819154,614,60,6,0.99771
2026-09-07T16:00:00Z,78812.67,78992.68,78760.64,78989.36,152063,284,60,4,0.99771
2026-09-07T17:00:00Z,78989.36,79171.45,78660.89,78874.79,162977,299,60,5,0.99800
2026-09-07T18:00:00Z,78874.79,79215.86,78794.53,79204.19,143728,250,60,5,0.99772
2026-09-07T19:00:00Z,79204.19,79372.70,78952.46,79362.46,264806,266,60,6,0.99795
2026-09-07T20:00:00Z,79362.46,79362.46,79057.97,79057.97,80978,243,60,3,0.99795
2026-09-07T21:00:00Z,79057.97,79251.03,79057.97,79192.59,75327,192,60,3,0.99795
2026-09-07T22:00:00Z,79192.59,79192.59,78749.49,78918.19,459382,396,60,6,0.99770
2026-09-07T23:00:00Z,78918.19,79168.13,78866.45,79139.42,221926,341,60,4,0.99770
2026-09-08T00:00:00Z,79139.42,79268.90,78773.92,79268.90,304988,448,60,4,0.99755
2026-09-08T01:00:00Z,79268.90,79408.97,78818.90,79408.97,291956,329,60,6,0.99795
2026-09-08T02:00:00Z,79408.97,79434.81,78910.12,78910.12,452763,495,60,6,0.99805
2026-09-08T03:00:00Z,78910.12,79035.29,78753.69,78901.16,470369,451,60,7,0.99805
2026-09-08T04:00:00Z,78901.16,78912.36,78674.45,78699.68,180582,336,60,6,0.99805
2026-09-08T05:00:00Z,78699.68,78825.35,78545.74,78677.61,578985,472,60,6,0.99788
2026-09-08T06:00:00Z,78677.61,78677.61,78198.53,78309.81,740863,556,60,6,0.99754
2026-09-08T07:00:00Z,78309.81,78588.58,78201.48,78427.21,395871,541,60,7,0.99748
2026-09-08T08:00:00Z,78427.21,78527.99,78213.60,78306.23,292151,437,60,3,0.99748
2026-09-08T09:00:00Z,78306.23,78858.56,78265.89,78461.47,396457,569,60,6,0.99748
2026-09-08T10:00:00Z,78461.47,78928.02,78461.35,78585.20,441382,542,60,6,0.99750
2026-09-08T11:00:00Z,78585.20,78627.26,78223.39,78396.62,433115,567,60,6,0.99747
2026-09-08T12:00:00Z,78396.62,78426.02,78158.14,78348.47,350562,568,60,6,0.99746
2026-09-08T13:00:00Z,78348.47,78484.52,77636.93,77924.47,1474595,1044,60,6,0.99745
2026-09-08T14:00:00Z,77924.47,78562.52,77654.53,78530.34,1196759,956,60,6,0.99748
2026-09-08T15:00:00Z,78530.34,78863.65,78279.53,78567.42,784157,774,60,6,0.99947
2026-09-08T16:00:00Z,78567.42,78938.03,78549.42,78703.49,491218,700,60,5,1.00132
2026-09-08T17:00:00Z,78703.49,78852.08,78499.58,78530.27,330028,604,60,4,1.00132
2026-09-08T18:00:00Z,78530.27,78776.57,78312.59,78423.80,577590,699,60,6,0.99749
2026-09-08T19:00:00Z,78423.80,78487.40,78267.55,78400.13,350080,655,60,4,0.99749
2026-09-08T20:00:00Z,78400.13,78581.09,78252.03,78550.15,292286,512,60,5,0.99749
2026-09-08T21:00:00Z,78550.15,78580.65,78408.97,78451.54,187921,476,60,3,0.99749
2026-09-08T22:00:00Z,78451.54,78619.36,78404.13,78542.67,206765,458,60,3,0.99749
2026-09-08T23:00:00Z,78542.67,78542.67,78252.37,78392.27,106973,350,58,3,0.99749
2026-09-09T00:00:00Z,78392.27,78755.57,78267.23,78755.57,311760,639,60,5,0.99749
2026-09-09T01:00:00Z,78755.57,78851.27,78284.55,78573.23,320340,522,60,6,0.99748
2026-09-09T02:00:00Z,78573.23,78881.11,78395.14,78760.10,200805,510,60,5,0.99748
2026-09-09T03:00:00Z,78760.10,78760.10,78402.13,78603.44,112321,408,60,3,0.99748
2026-09-09T04:00:00Z,78603.44,79169.37,78603.44,78887.41,702624,624,59,6,1.00169
2026-09-09T05:00:00Z,78887.41,79313.41,78870.29,78918.13,711496,646,60,6,1.00190
2026-09-09T06:00:00Z,78918.13,79242.84,78886.47,79146.35,246473,342,51,3,1.00190
2026-09-09T07:00:00Z,79146.35,79397.18,78979.40,79238.54,535223,448,59,5,1.00221
2026-09-09T08:00:00Z,79238.54,79719.45,79199.73,79423.63,812926,702,60,6,1.00226
2026-09-09T09:00:00Z,79423.63,79675.39,78945.89,79058.93,1008059,660,60,7,1.00211
2026-09-09T10:00:00Z,79058.93,79229.97,78736.98,79020.56,418784,549,60,6,1.00205
2026-09-09T11:00:00Z,79020.56,79329.08,78753.63,79311.74,825003,593,60,7,1.00224
2026-09-09T12:00:00Z,79311.74,79626.10,79048.98,79586.31,936451,552,60,7,1.00226
2026-09-09T13:00:00Z,79586.31,79634.12,79122.31,79122.47,1220815,778,60,6,1.00228
2026-09-09T14:00:00Z,79122.47,79368.29,78897.27,79093.07,1619791,1019,60,6,1.00221
2026-09-09T15:00:00Z,79093.07,79339.09,78083.90,78606.33,3412298,1407,60,6,1.00197
2026-09-09T16:00:00Z,78606.33,78987.53,78414.99,78761.58,730269,704,60,6,1.00208
2026-09-09T17:00:00Z,78761.58,78881.65,78577.34,78577.34,281093,518,59,4,1.00208
2026-09-09T18:00:00Z,78577.34,78767.09,78436.96,78552.61,217995,508,60,5,1.00208
2026-09-09T19:00:00Z,78552.61,78625.17,78188.63,78190.99,593499,687,60,6,1.00196
2026-09-09T20:00:00Z,78190.99,78300.83,77969.51,78285.02,755904,728,60,7,1.00180
2026-09-09T21:00:00Z,78285.02,78304.62,77976.99,78097.67,309860,599,60,4,1.00053
2026-09-09T22:00:00Z,78097.67,78149.59,77722.77,77932.44,717236,706,60,7,0.99856
2026-09-09T23:00:00Z,77932.44,78252.78,77909.82,78043.15,473206,542,60,5,1.00053
2026-09-10T00:00:00Z,78043.15,78325.32,78043.15,78044.06,361877,634,60,6,1.00053
2026-09-10T01:00:00Z,78044.06,78453.45,77969.04,78083.75,867191,858,60,6,0.99853
2026-09-10T02:00:00Z,78083.75,78315.08,77890.15,78083.75,247786,481,60,3,0.99853
2026-09-10T03:00:00Z,78083.75,78483.00,78083.75,78292.86,425330,575,60,5,0.99853
2026-09-10T04:00:00Z,78292.86,78380.77,78130.83,78380.77,100805,393,60,3,0.99853
2026-09-10T05:00:00Z,78380.77,78463.35,78095.32,78240.80,278007,498,60,6,0.99849
2026-09-10T06:00:00Z,78240.80,78502.40,78115.65,78431.03,311724,523,60,4,0.99849
2026-09-10T07:00:00Z,78431.03,78431.03,77885.24,78048.65,489019,607,60,7,0.99783
2026-09-10T08:00:00Z,78048.65,78117.64,77987.41,78033.93,129831,335,51,3,0.99783
2026-09-10T09:00:00Z,78033.93,78175.43,77901.79,77962.01,176765,156,42,2,0.99783
2026-09-10T10:00:00Z,77962.01,78059.84,77835.22,77881.56,336577,227,42,6,0.99790
2026-09-10T11:00:00Z,77881.56,78004.44,77711.30,77782.56,459791,292,47,7,0.99777
2026-09-10T12:00:00Z,77782.56,77905.58,76707.59,76857.14,2658712,1000,54,7,0.99758
2026-09-10T13:00:00Z,76857.14,77180.82,76752.68,77180.82,1171137,786,59,5,0.99758
2026-09-10T14:00:00Z,77180.82,77372.89,76919.42,77355.56,875923,878,60,7,0.99777
2026-09-10T15:00:00Z,77355.56,77355.56,77104.30,77196.12,363484,601,60,4,0.99777
2026-09-10T16:00:00Z,77196.12,77252.98,76813.91,77154.39,761736,808,60,6,0.99760
2026-09-10T17:00:00Z,77154.39,77497.55,76971.92,77343.15,579489,642,60,7,0.99777
2026-09-10T18:00:00Z,77343.15,77343.15,76958.93,77210.48,444668,618,60,6,0.99776
2026-09-10T19:00:00Z,77210.48,77241.48,77048.77,77177.12,459022,503,60,3,0.99776
2026-09-10T20:00:00Z,77177.12,77294.89,77076.02,77168.93,122001,437,60,3,0.99776
2026-09-10T21:00:00Z,77168.93,77254.41,77090.36,77169.15,76303,371,60,3,0.99776
2026-09-10T22:00:00Z,77169.15,77169.15,76838.25,76838.25,410936,548,60,7,0.99782
2026-09-10T23:00:00Z,76838.25,76988.49,76497.55,76551.82,916434,843,60,6,0.99764
2026-09-11T00:00:00Z,76551.82,76883.84,76551.82,76883.58,353592,570,60,4,0.99764
2026-09-11T01:00:00Z,76883.58,76953.56,76688.92,76885.02,520517,665,60,5,0.99754
2026-09-11T02:00:00Z,76885.02,76955.66,76720.67,76835.55,196310,460,60,3,0.99754
2026-09-11T03:00:00Z,76835.55,76840.59,76703.14,76837.49,287778,516,60,3,0.99754
2026-09-11T04:00:00Z,76837.49,77138.54,76721.57,76903.21,579201,499,60,7,0.99775
2026-09-11T05:00:00Z,76903.21,77174.30,76750.30,76961.06,119574,406,60,6,0.99778
2026-09-11T06:00:00Z,76961.06,77376.89,76919.89,77210.67,397142,528,60,6,0.99786
2026-09-11T07:00:00Z,77210.67,77351.26,77166.36,77210.67,119406,434,60,4,0.99786
2026-09-11T08:00:00Z,77210.67,77443.51,77156.18,77351.47,311902,547,60,6,1.00059
2026-09-11T09:00:00Z,77351.47,77362.69,76884.25,77014.29,428052,629,60,7,0.99830
2026-09-11T10:00:00Z,77014.29,77109.87,76974.93,77073.83,183987,487,60,3,0.99830
2026-09-11T11:00:00Z,77073.83,77073.83,76753.00,76986.54,393772,569,60,6,1.00001
2026-09-11T12:00:00Z,76986.54,78027.70,76113.59,77968.68,5389891,1811,60,7,1.00184
2026-09-11T13:00:00Z,77968.68,79049.81,77272.57,79049.81,6053156,2193,60,6,1.00175
2026-09-11T14:00:00Z,79049.81,79513.71,78534.54,78851.91,5081764,1802,60,6,1.00083
2026-09-11T15:00:00Z,78851.91,78851.91,77355.36,77713.04,3162534,1318,60,6,0.99959
2026-09-11T16:00:00Z,77713.04,77972.18,77397.41,77784.02,1980836,1161,60,6,1.00083
2026-09-11T17:00:00Z,77784.02,78005.00,77523.14,77732.01,474747,626,60,5,0.99967
2026-09-11T18:00:00Z,77732.01,77732.01,76969.57,77018.04,1696918,1003,60,7,0.99955
2026-09-11T19:00:00Z,77018.04,77340.47,77018.04,77307.03,406827,562,60,5,0.99958
2026-09-11T20:00:00Z,77307.03,77452.67,77160.18,77314.05,503870,598,60,6,0.99975
2026-09-11T21:00:00Z,77314.05,77405.53,77109.16,77109.16,367547,470,60,3,0.99975
2026-09-11T22:00:00Z,77109.16,77226.44,77003.76,77123.25,479328,553,60,5,0.99999
2026-09-11T23:00:00Z,77123.25,77221.42,77123.25,77183.25,44277,357,60,3,0.99999
2026-09-12T00:00:00Z,77183.25,77300.98,77176.32,77218.00,49264,368,60,3,0.99999
2026-09-12T01:00:00Z,77218.00,77357.20,77218.00,77318.33,45147,380,60,3,0.99999
2026-09-12T02:00:00Z,77318.33,77321.20,77216.02,77275.84,41087,336,60,3,0.99999
2026-09-12T03:00:00Z,77275.84,77312.18,77217.95,77272.50,32818,339,60,3,0.99999
2026-09-12T04:00:00Z,77272.50,77286.55,77179.43,77259.67,26116,319,60,3,0.99999
2026-09-12T05:00:00Z,77259.67,77259.67,77198.21,77226.92,39825,119,32,3,0.99999
2026-09-12T06:00:00Z,77226.92,77320.50,77217.95,77218.31,105952,274,51,3,0.99999
2026-09-12T07:00:00Z,77218.31,77355.56,77177.42,77283.80,58618,373,60,3,0.99999
2026-09-12T08:00:00Z,77283.80,77367.16,77210.13,77329.52,36595,358,60,3,0.99999
2026-09-12T09:00:00Z,77329.52,77351.69,77172.10,77210.13,11112,308,60,3,0.99955
2026-09-12T10:00:00Z,77210.13,77365.71,77210.13,77341.12,22260,331,60,3,0.99955
2026-09-12T11:00:00Z,77341.12,77341.26,77210.16,77328.41,51686,343,60,3,0.99955
2026-09-12T12:00:00Z,77328.41,77342.32,77210.16,77210.16,11593,318,60,3,0.99955
2026-09-12T13:00:00Z,77210.16,77378.95,77199.96,77333.30,68739,370,60,4,0.99955
2026-09-12T14:00:00Z,77333.30,77462.10,77178.45,77256.37,108056,365,60,4,0.99891
2026-09-12T15:00:00Z,77256.37,77462.93,77256.37,77257.22,38504,325,60,4,0.99891
2026-09-12T16:00:00Z,77257.22,77401.66,77255.65,77255.65,22157,315,60,3,0.99891
2026-09-12T17:00:00Z,77255.65,77360.83,77206.54,77255.65,72046,344,60,3,0.99891
2026-09-12T18:00:00Z,77255.65,77268.93,77147.06,77247.45,70845,358,60,3,0.99891
2026-09-12T19:00:00Z,77247.45,77247.46,77074.82,77125.32,65613,371,60,3,0.99891
2026-09-12T20:00:00Z,77125.32,77247.46,77125.32,77199.32,27439,335,60,3,0.99891
2026-09-12T21:00:00Z,77199.32,77247.46,77183.03,77247.46,53230,334,60,3,0.99891
2026-09-12T22:00:00Z,77247.46,77260.96,77196.10,77247.46,43095,339,60,3,0.99891
2026-09-12T23:00:00Z,77247.46,77262.01,77214.26,77258.85,24169,340,60,3,0.99891
2026-09-13T00:00:00Z,77258.85,77265.98,77184.51,77248.32,121103,383,60,3,0.99891
2026-09-13T01:00:00Z,77248.32,77297.76,77111.08,77275.96,186989,386,60,3,0.99891
2026-09-13T02:00:00Z,77275.96,77318.34,77239.70,77248.32,12818,318,60,3,0.99891
2026-09-13T03:00:00Z,77248.32,77277.28,77214.44,77248.34,32114,333,60,3,0.99891
2026-09-13T04:00:00Z,77248.34,77248.34,77194.09,77248.24,4283,311,60,3,0.99891
2026-09-13T05:00:00Z,77248.24,77283.05,77208.13,77239.96,35365,353,60,3,0.99891
2026-09-13T06:00:00Z,77239.96,77283.64,77080.99,77080.99,89863,391,60,3,0.99891
2026-09-13T07:00:00Z,77080.99,77239.96,77080.99,77239.96,27103,349,60,3,0.99891
2026-09-13T08:00:00Z,77239.96,77263.43,76773.89,76784.60,465945,580,60,6,0.99745
2026-09-13T09:00:00Z,76784.60,76961.26,76579.63,76776.10,496739,589,60,6,0.99750
2026-09-13T10:00:00Z,76776.10,76776.10,76648.09,76763.10,63115,383,60,3,0.99750
2026-09-13T11:00:00Z,76763.10,76763.10,76528.53,76750.73,281506,490,60,5,0.99745
2026-09-13T12:00:00Z,76750.73,76815.10,76711.37,76722.27,82145,375,60,4,0.99745
2026-09-13T13:00:00Z,76722.27,76889.75,76574.74,76866.50,242235,507,60,3,0.99745
2026-09-13T14:00:00Z,76866.50,77196.96,76701.17,77179.57,452554,528,60,7,0.99769
2026-09-13T15:00:00Z,77179.57,77179.57,76989.18,76989.18,259670,468,60,3,0.99769
2026-09-13T16:00:00Z,76989.18,77318.15,76857.66,77100.73,195002,420,60,5,0.99770
2026-09-13T17:00:00Z,77100.73,77366.00,77100.73,77167.76,179226,431,60,6,1.00171
2026-09-13T18:00:00Z,77167.76,77342.93,77167.76,77167.76,42906,360,60,4,1.00171
2026-09-13T19:00:00Z,77167.76,77360.31,77167.76,77167.76,66344,370,60,3,1.00171
2026-09-13T20:00:00Z,77167.76,77341.13,77167.76,77167.76,41333,350,60,3,1.00171
2026-09-13T21:00:00Z,77167.76,77406.71,77167.76,77200.10,109631,377,60,5,1.00203
2026-09-13T22:00:00Z,77200.10,77313.26,76706.44,76865.47,1091493,835,60,6,0.99769
2026-09-13T23:00:00Z,76865.47,76865.47,76631.42,76832.74,246833,471,60,5,0.99765
2026-09-14T00:00:00Z,76832.74,77020.13,76403.30,76616.95,869012,769,60,7,0.99764
2026-09-14T01:00:00Z,76616.95,76926.02,76616.95,76904.16,857410,796,60,7,0.99770
2026-09-14T02:00:00Z,76904.16,77656.49,76904.16,77558.11,1186851,832,60,7,1.00198
2026-09-14T03:00:00Z,77558.11,77803.57,77448.75,77534.42,493654,581,60,6,1.00205
2026-09-14T04:00:00Z,77534.42,77639.39,77534.42,77624.05,179443,469,60,3,1.00205
2026-09-14T05:00:00Z,77624.05,77636.65,77505.25,77543.54,130846,408,60,3,1.00205
2026-09-14T06:00:00Z,77543.54,77834.50,77383.33,77603.25,589755,686,60,7,1.00205
2026-09-14T07:00:00Z,77603.25,77852.28,77535.40,77636.07,275480,527,60,4,1.00207
2026-09-14T08:00:00Z,77636.07,77933.90,77636.07,77676.56,460670,595,60,5,1.00216
2026-09-14T09:00:00Z,77676.56,78302.63,77610.73,78125.06,1097495,781,60,7,1.00217
2026-09-14T10:00:00Z,78125.06,78289.27,77924.05,78106.98,262290,463,60,5,1.00217
2026-09-14T11:00:00Z,78106.98,78106.98,77695.42,77724.81,520995,595,60,6,1.00216
2026-09-14T12:00:00Z,77724.81,78034.60,77625.62,77639.69,594278,667,60,6,1.00215
2026-09-14T13:00:00Z,77639.69,78438.10,77492.73,78184.71,2247395,1316,60,7,1.00213
2026-09-14T14:00:00Z,78184.71,78648.82,78178.28,78540.23,1518433,1122,60,6,1.00214
2026-09-14T15:00:00Z,78540.23,78786.08,78320.82,78750.85,1664741,699,59,4,1.00214
2026-09-14T16:00:00Z,78750.85,79041.03,78416.97,78763.43,1213282,784,60,6,1.00211
2026-09-14T17:00:00Z,78763.43,79005.85,78712.30,78814.77,503012,631,60,5,1.00211
2026-09-14T18:00:00Z,78814.77,79292.34,78814.77,79050.26,836625,771,60,6,1.00209
2026-09-14T19:00:00Z,79050.26,79230.53,78986.81,79025.13,420505,609,60,3,1.00209
2026-09-14T20:00:00Z,79025.13,79528.75,78994.83,79127.44,981023,820,60,6,1.00213
2026-09-14T21:00:00Z,79127.44,79291.55,78724.86,78768.70,919271,693,60,6,1.00211
2026-09-14T22:00:00Z,78768.70,78975.68,78529.58,78722.54,481862,539,60,6,1.00213
2026-09-14T23:00:00Z,78722.54,78795.83,78155.84,78340.24,721123,671,60,7,1.00195
2026-09-15T00:00:00Z,78340.24,78377.41,77950.25,77981.97,449603,559,60,6,1.00189
2026-09-15T01:00:00Z,77981.97,78048.45,77788.86,77943.92,639328,617,60,6,0.99837
2026-09-15T02:00:00Z,77943.92,77974.12,77804.35,77953.25,189159,440,60,3,0.99837
2026-09-15T03:00:00Z,77953.25,77953.25,77643.54,77674.49,328029,632,60,5,0.99758
2026-09-15T04:00:00Z,77674.49,77866.71,77541.89,77581.74,244438,791,60,6,0.99757
2026-09-15T05:00:00Z,77581.74,77721.18,77238.80,77486.30,656100,760,60,6,0.99753
2026-09-15T06:00:00Z,77486.30,77677.65,76990.15,77010.58,620886,796,60,6,0.99753
2026-09-15T07:00:00Z,77010.58,77260.51,76788.66,77038.06,970082,950,60,6,0.99750
2026-09-15T08:00:00Z,77038.06,77038.06,76618.43,76943.52,438785,781,60,5,0.99749
2026-09-15T09:00:00Z,76943.52,77001.79,76634.32,76971.11,136937,640,60,4,0.99747
2026-09-15T10:00:00Z,76971.11,77108.42,76812.25,77043.21,399000,714,59,6,0.99749
2026-09-15T11:00:00Z,77043.21,77177.72,76854.84,76893.30,296296,626,56,6,0.99751
2026-09-15T12:00:00Z,76893.30,77084.32,76867.76,76905.91,281188,657,59,4,0.99751
2026-09-15T13:00:00Z,76905.91,77070.29,76128.63,76273.63,2219600,1395,60,7,0.99751
2026-09-15T14:00:00Z,76273.63,76618.52,75563.81,75883.86,2534725,1340,60,6,0.99748
2026-09-15T15:00:00Z,75883.86,76530.02,75713.44,76506.06,1392744,931,60,6,0.99750
2026-09-15T16:00:00Z,76506.06,76506.06,76214.33,76369.21,443433,801,60,3,0.99750
2026-09-15T17:00:00Z,76369.21,77170.42,76108.53,76928.08,1768258,1198,60,7,0.99751
2026-09-15T18:00:00Z,76928.08,77120.16,74959.03,75965.68,8100778,2317,60,7,0.99751
2026-09-15T19:00:00Z,75965.68,76224.56,75798.82,76091.11,1904229,1176,60,6,0.99752
2026-09-15T20:00:00Z,76091.11,76154.60,75602.57,75738.53,1010277,974,60,6,0.99750
2026-09-15T21:00:00Z,75738.53,75906.02,75383.98,75396.16,869073,882,59,7,0.99747
2026-09-15T22:00:00Z,75396.16,75663.81,75092.64,75635.13,1138851,1035,59,6,0.99752
2026-09-15T23:00:00Z,75635.13,75859.57,75288.89,75606.56,561428,781,59,6,0.99757
2026-09-16T00:00:00Z,75606.56,75832.59,75482.26,75719.80,374625,740,60,4,0.99773
2026-09-16T01:00:00Z,75719.80,75877.46,75440.05,75549.93,621303,857,60,6,0.99777
2026-09-16T02:00:00Z,75549.93,76018.26,75437.53,75808.20,622505,846,60,6,0.99780
2026-09-16T03:00:00Z,75808.20,75991.54,75677.69,75748.68,325094,707,59,4,0.99780
2026-09-16T04:00:00Z,75748.68,75935.46,75713.84,75797.35,252149,656,60,3,0.99780
2026-09-16T05:00:00Z,75797.35,75892.53,75585.93,75884.31,208096,576,58,3,0.99780
2026-09-16T06:00:00Z,75884.31,75946.51,75712.30,75945.86,299836,579,58,3,0.99780
2026-09-16T07:00:00Z,75945.86,76002.34,75708.04,75709.24,325539,686,60,4,0.99780
2026-09-16T08:00:00Z,75709.24,75757.41,75340.21,75448.32,739392,907,60,7,1.00026
2026-09-16T09:00:00Z,75448.32,75857.04,75448.32,75627.82,365192,698,60,6,1.00044
2026-09-16T10:00:00Z,75627.82,75955.29,75627.82,75850.94,220708,530,58,6,1.00037
2026-09-16T11:00:00Z,75850.94,76203.91,75720.89,76203.91,588215,661,54,6,1.00096
2026-09-16T12:00:00Z,76203.91,76705.53,75775.99,75893.34,460373,669,56,5,1.00096
2026-09-16T13:00:00Z,75893.34,75893.34,75560.95,75589.85,1032344,1072,60,6,1.00096
2026-09-16T14:00:00Z,75589.85,75737.66,75406.43,75602.04,1067260,1117,60,6,1.00113
2026-09-16T15:00:00Z,75602.04,75867.70,75459.02,75608.36,793659,915,60,5,1.00098
2026-09-16T16:00:00Z,75608.36,75804.93,75607.90,75731.46,381595,731,60,3,1.00098
2026-09-16T17:00:00Z,75731.46,75823.62,75312.23,75695.37,1042037,1019,60,6,1.00026
2026-09-16T18:00:00Z,75695.37,76454.49,75025.26,75587.76,8201544,2737,60,6,1.00033
2026-09-16T19:00:00Z,75587.76,76037.88,75222.11,75798.78,2857153,1748,59,6,0.99843
2026-09-16T20:00:00Z,75798.78,76319.65,75798.77,76030.35,988056,1035,60,7,1.00089
2026-09-16T21:00:00Z,76030.35,76121.84,75902.65,75920.75,149037,586,59,4,1.00089
2026-09-16T22:00:00Z,75920.75,76074.29,75621.32,75778.12,696891,907,60,6,0.99853
2026-09-16T23:00:00Z,75778.12,76186.02,75631.70,75966.59,456090,726,60,7,0.99833
2026-09-17T00:00:00Z,75966.59,76415.03,75966.57,76298.13,549767,804,60,6,0.99943
2026-09-17T01:00:00Z,76298.13,76681.85,76194.16,76450.71,1025469,1020,60,7,1.00101
2026-09-17T02:00:00Z,76450.71,76450.71,76039.71,76222.75,566917,724,58,6,0.99843
2026-09-17T03:00:00Z,76222.75,76438.82,76161.63,76342.59,161195,600,60,3,0.99843
2026-09-17T04:00:00Z,76342.59,76445.18,76152.99,76445.18,319855,710,60,6,0.99853
2026-09-17T05:00:00Z,76445.18,76533.70,76250.55,76250.55,265508,666,60,4,0.99853
2026-09-17T06:00:00Z,76250.55,76499.22,76250.55,76281.64,195323,548,60,3,0.99853
2026-09-17T07:00:00Z,76281.64,76617.96,76281.62,76359.11,283521,542,60,6,1.00068
2026-09-17T08:00:00Z,76359.11,76499.19,76321.03,76499.19,226490,471,60,3,1.00068
2026-09-17T09:00:00Z,76499.19,76678.60,76414.23,76445.24,372783,518,60,5,1.00109
2026-09-17T10:00:00Z,76445.24,76586.75,76232.66,76309.47,272972,542,60,6,1.00089
2026-09-17T11:00:00Z,76309.47,76409.28,76129.31,76383.43,346039,579,60,5,0.99853
2026-09-17T12:00:00Z,76383.43,77061.97,76374.98,76707.55,1235482,1029,60,6,1.00105
2026-09-17T13:00:00Z,76707.55,76859.40,75984.63,76510.92,1833123,1272,60,6,1.00089
2026-09-17T14:00:00Z,76510.92,76978.05,76365.19,76775.32,1689144,1033,59,6,1.00089
2026-09-17T15:00:00Z,76775.32,76798.57,76238.81,76677.80,1056047,874,60,6,1.00085
2026-09-17T16:00:00Z,76677.80,76727.42,76506.25,76657.34,451476,690,60,3,1.00085
2026-09-17T17:00:00Z,76657.34,76867.05,76549.75,76602.86,477702,721,60,6,1.00105
2026-09-17T18:00:00Z,76602.86,76717.58,76448.32,76553.60,296973,606,60,5,1.00131
2026-09-17T19:00:00Z,76553.60,76629.11,76478.92,76525.77,190941,580,60,3,1.00131
2026-09-17T20:00:00Z,76525.77,76769.90,76457.37,76482.70,144686,538,60,4,1.00131
2026-09-17T21:00:00Z,76482.70,76732.16,76372.01,76568.40,224508,559,60,6,1.00119
2026-09-17T22:00:00Z,76568.40,76703.76,76241.01,76335.91,323899,603,60,6,1.00122
2026-09-17T23:00:00Z,76335.91,76474.36,76335.89,76411.10,111542,442,60,3,1.00122
2026-09-18T00:00:00Z,76411.10,76505.15,76278.02,76505.15,226050,545,60,3,1.00122
2026-09-18T01:00:00Z,76505.15,76676.23,76410.36,76500.39,272020,665,60,5,1.00081
2026-09-18T02:00:00Z,76500.39,77161.06,76500.39,76741.17,548616,738,60,6,1.00098
2026-09-18T03:00:00Z,76741.17,77501.46,76741.16,77326.16,1090011,884,60,6,1.00131
2026-09-18T04:00:00Z,77326.16,77474.82,77140.74,77474.82,334520,742,60,4,1.00131
2026-09-18T05:00:00Z,77474.82,77626.17,77326.55,77431.13,611161,883,60,5,1.00137
2026-09-18T06:00:00Z,77431.13,77597.70,77385.59,77516.76,288641,710,60,3,1.00135
2026-09-18T07:00:00Z,77516.76,77754.13,77456.70,77539.65,476016,688,60,5,1.00135
2026-09-18T08:00:00Z,77539.65,78179.96,77539.65,78179.96,1076050,876,60,6,1.00147
2026-09-18T09:00:00Z,78179.96,78381.11,77980.18,78149.38,764674,853,60,7,1.00146
2026-09-18T10:00:00Z,78149.38,78339.66,78008.14,78237.77,217800,518,60,4,1.00146
2026-09-18T11:00:00Z,78237.77,78352.26,77960.58,78146.69,448088,621,60,4,1.00146
2026-09-18T12:00:00Z,78146.69,78146.69,77935.35,78115.54,315244,542,60,5,1.00145
2026-09-18T13:00:00Z,78115.54,80381.59,77942.69,79985.45,4495081,1781,60,7,1.00154
2026-09-18T14:00:00Z,79985.45,80911.34,79985.45,80869.11,3019432,1487,60,6,1.00162
2026-09-18T15:00:00Z,80869.11,81116.63,80562.74,80674.95,1648185,978,59,6,1.00163
2026-09-18T16:00:00Z,80674.95,81236.18,80652.39,80861.38,1039508,857,59,5,1.00164
2026-09-18T17:00:00Z,80861.38,81356.55,80606.58,80962.45,823135,873,60,6,1.00163
2026-09-18T18:00:00Z,80962.45,81088.80,80743.86,80832.02,728628,780,60,5,1.00164
2026-09-18T19:00:00Z,80832.02,81347.85,80831.97,81159.32,894559,1050,60,6,1.00165
2026-09-18T20:00:00Z,81159.32,81213.37,80927.43,81103.89,560337,718,60,4,1.00165
2026-09-18T21:00:00Z,81103.89,81259.39,81046.71,81090.91,288814,637,60,4,1.00165
2026-09-18T22:00:00Z,81090.91,81334.76,81058.87,81129.44,200883,695,60,4,1.00165
2026-09-18T23:00:00Z,81129.44,81167.21,80894.14,80917.01,237209,623,60,5,1.00169
2026-09-19T00:00:00Z,80917.01,81499.47,80841.94,81499.47,718108,734,60,6,1.00171
2026-09-19T01:00:00Z,81499.47,81671.31,81082.49,81287.77,749304,1033,60,6,1.00168
2026-09-19T02:00:00Z,81287.77,81455.70,81226.22,81237.87,145303,650,60,3,1.00168
2026-09-19T03:00:00Z,81237.87,81415.96,81069.69,81142.38,123105,648,60,3,1.00168
2026-09-19T04:00:00Z,81142.38,81342.22,80942.59,80979.62,259943,685,60,6,1.00165
2026-09-19T05:00:00Z,80979.62,81120.78,80979.62,81007.08,128226,602,60,3,1.00165
2026-09-19T06:00:00Z,81007.08,81259.92,80943.18,81108.94,105056,616,60,3,1.00162
2026-09-19T07:00:00Z,81108.94,81207.07,80992.62,81117.06,163013,651,60,3,1.00162
2026-09-19T08:00:00Z,81117.06,81364.30,81065.51,81139.44,239052,623,60,4,1.00149
2026-09-19T09:00:00Z,81139.44,81484.73,81139.44,81295.79,289374,497,57,5,1.00159
2026-09-19T10:00:00Z,81295.79,81370.96,81100.42,81226.45,113563,442,60,3,1.00159
2026-09-19T11:00:00Z,81226.45,81322.55,81168.60,81240.47,92853,457,60,3,1.00159
2026-09-19T12:00:00Z,81240.47,81317.54,81213.37,81289.74,100930,439,60,3,1.00159
2026-09-19T13:00:00Z,81289.74,81311.73,81181.84,81281.96,138036,483,60,3,1.00159
2026-09-19T14:00:00Z,81281.96,81564.24,81237.60,81531.74,311803,571,60,6,1.00173
2026-09-19T15:00:00Z,81531.74,81895.22,81372.83,81627.26,616047,763,60,6,1.00207
2026-09-19T16:00:00Z,81627.26,81879.87,81496.23,81641.04,207306,256,50,3,1.00207
2026-09-19T17:00:00Z,81641.04,81828.75,81444.58,81640.46,306519,514,59,3,1.00207
2026-09-19T18:00:00Z,81640.46,81712.43,81359.11,81434.98,278538,593,60,6,1.00196
2026-09-19T19:00:00Z,81434.98,81550.67,81295.02,81550.67,119646,548,60,5,0.99753
2026-09-19T20:00:00Z,81550.67,81550.67,81101.49,81108.17,324267,785,60,6,0.99751
2026-09-19T21:00:00Z,81108.17,81298.06,80801.97,81109.66,435512,689,60,5,0.99742
2026-09-19T22:00:00Z,81109.66,81234.30,80673.33,81185.43,186325,660,60,4,0.99742
2026-09-19T23:00:00Z,81185.43,81325.11,80769.39,81119.24,119406,613,60,5,0.99742
2026-09-20T00:00:00Z,81119.24,81280.17,81118.67,81280.17,85003,564,60,4,0.99742
2026-09-20T01:00:00Z,81280.17,81280.17,81021.70,81116.10,170765,719,60,3,0.99742
2026-09-20T02:00:00Z,81116.10,81116.10,80279.00,80295.36,1439845,1021,60,7,0.99737
2026-09-20T03:00:00Z,80295.36,80482.02,80147.94,80359.39,758524,899,60,6,0.99736
2026-09-20T04:00:00Z,80359.39,80481.50,80291.27,80428.71,303811,603,60,3,0.99736
2026-09-20T05:00:00Z,80428.71,80582.49,80193.40,80476.62,324666,588,60,4,0.99736
2026-09-20T06:00:00Z,80476.62,80549.03,80239.80,80285.34,343825,614,60,5,0.99736
2026-09-20T07:00:00Z,80285.34,80463.39,79700.53,80322.31,96952,446,60,5,0.99739
2026-09-20T08:00:00Z,80322.31,80402.89,79723.54,80215.15,124085,484,60,4,0.99739
2026-09-20T09:00:00Z,80215.15,80637.36,79604.53,80482.09,142481,521,60,5,0.99739
2026-09-20T10:00:00Z,80482.09,80482.10,80292.66,80339.88,165024,520,60,4,0.99739
2026-09-20T11:00:00Z,80339.88,80475.04,79785.36,80352.34,146391,521,60,4,0.99739
2026-09-20T12:00:00Z,80352.34,80494.42,80328.80,80437.52,106497,524,60,4,0.99739
2026-09-20T13:00:00Z,80437.52,80589.45,80356.66,80523.16,170643,580,60,5,0.99738
2026-09-20T14:00:00Z,80523.16,80721.99,80356.62,80673.81,454790,681,60,6,0.99738
2026-09-20T15:00:00Z,80673.81,80916.01,80453.42,80689.34,537732,700,60,6,0.99740
2026-09-20T16:00:00Z,80689.34,81406.73,80689.34,81234.06,1177095,926,60,6,0.99752
2026-09-20T17:00:00Z,81234.06,81401.62,81091.70,81261.74,555029,717,60,4,0.99753
2026-09-20T18:00:00Z,81261.74,81270.07,81054.93,81054.93,254522,586,60,4,0.99753
2026-09-20T19:00:00Z,81054.93,81265.04,81054.93,81143.51,125278,500,60,3,0.99753
2026-09-20T20:00:00Z,81143.51,81245.11,81091.23,81228.69,145795,515,60,3,0.99753
2026-09-20T21:00:00Z,81228.69,81228.69,80647.13,80890.72,980200,896,60,7,0.99865
2026-09-20T22:00:00Z,80890.72,81252.14,80804.98,81016.86,665899,778,60,7,1.00085
2026-09-20T23:00:00Z,81016.86,81284.43,81016.73,81146.84,329710,581,60,6,1.00143
2026-09-21T00:00:00Z,81146.84,81803.07,81146.84,81606.94,1496709,1268,60,7,1.00212
2026-09-21T01:00:00Z,81606.94,81994.89,80884.60,81007.51,2216888,1317,60,7,1.00202
2026-09-21T02:00:00Z,81007.51,81463.20,80972.74,81336.67,911822,767,60,6,1.00218
2026-09-21T03:00:00Z,81336.67,81525.41,81248.67,81387.57,324618,610,60,6,1.00219
2026-09-21T04:00:00Z,81387.57,81456.21,81209.36,81388.07,188802,529,60,3,1.00219
2026-09-21T05:00:00Z,81388.07,81764.87,81284.14,81545.48,463579,634,60,7,1.00219
2026-09-21T06:00:00Z,81545.48,81829.98,81432.28,81627.22,467350,710,60,6,1.00220
2026-09-21T07:00:00Z,81627.22,81694.16,81491.07,81608.02,238024,559,60,3,1.00220
2026-09-21T08:00:00Z,81608.02,83948.91,81608.02,83770.29,4456932,2048,60,7,1.00220
2026-09-21T09:00:00Z,83770.29,85134.00,83719.05,84811.55,2487784,1568,60,6,1.00219
2026-09-21T10:00:00Z,84811.55,84811.55,84166.26,84397.20,673147,885,60,6,1.00218
2026-09-21T11:00:00Z,84397.20,84858.19,84176.60,84823.40,541860,745,60,5,1.00218
2026-09-21T12:00:00Z,84823.40,85381.13,84823.40,85354.84,937205,1130,60,6,1.00219
2026-09-21T13:00:00Z,85354.84,85802.31,84805.68,85441.33,1574893,1409,60,6,1.00218
2026-09-21T14:00:00Z,85441.33,86078.47,85069.23,85797.25,1303465,1244,59,6,1.00216
2026-09-21T15:00:00Z,85797.25,86314.02,85797.25,85961.79,761390,717,60,5,1.00210
2026-09-21T16:00:00Z,85961.79,86146.96,85665.28,86008.79,577029,598,56,5,1.00204
2026-09-21T17:00:00Z,86008.79,86084.39,85724.01,85864.53,267355,657,59,4,1.00208
2026-09-21T18:00:00Z,85864.53,86083.81,85550.74,86034.17,329221,608,60,3,1.00208
2026-09-21T19:00:00Z,86034.17,86866.12,85769.93,86542.74,1042872,998,60,6,1.00210
2026-09-21T20:00:00Z,86542.74,87371.56,86532.63,86980.66,1130784,975,60,7,1.00210
2026-09-21T21:00:00Z,86980.66,87159.86,86581.37,86615.08,534381,739,60,6,1.00210
2026-09-21T22:00:00Z,86615.08,86914.45,86321.86,86397.60,564804,711,60,6,1.00204
2026-09-21T23:00:00Z,86397.60,86646.40,86385.70,86500.62,285209,621,60,3,1.00204
2026-09-22T00:00:00Z,86500.62,86616.55,85953.32,86232.88,953617,871,60,6,1.00183
2026-09-22T01:00:00Z,86232.88,86232.88,85430.92,85571.51,822396,946,60,6,1.00183
2026-09-22T02:00:00Z,85571.51,85817.59,85421.28,85708.87,484844,775,60,5,1.00176
2026-09-22T03:00:00Z,85708.87,85708.87,85347.50,85663.48,418094,762,60,6,1.00142
2026-09-22T04:00:00Z,85663.48,85679.47,85422.24,85447.35,175662,586,60,3,1.00142
2026-09-22T05:00:00Z,85447.35,85544.12,85134.44,85419.41,460119,710,60,7,1.00122
2026-09-22T06:00:00Z,85419.41,85528.17,85274.71,85374.98,221109,529,60,3,1.00122
2026-09-22T07:00:00Z,85374.98,85449.58,85155.33,85298.13,160667,527,60,3,1.00122
2026-09-22T08:00:00Z,85298.13,86310.80,85283.28,86210.82,1063123,942,60,6,1.00140
2026-09-22T09:00:00Z,86210.82,86211.53,85688.80,85986.97,568699,823,60,5,1.00012
2026-09-22T10:00:00Z,85986.97,86214.76,85760.69,85956.71,195147,564,60,4,1.00012
2026-09-22T11:00:00Z,85956.71,86082.64,85793.82,85956.12,263261,640,60,3,1.00012
2026-09-22T12:00:00Z,85956.12,86133.70,85810.68,85991.13,224780,599,60,3,1.00012
2026-09-22T13:00:00Z,85991.13,86168.89,85717.76,86048.22,934281,1077,60,6,0.99806
2026-09-22T14:00:00Z,86048.22,86384.06,85494.88,85887.01,1511436,1212,60,6,0.99818
2026-09-22T15:00:00Z,85887.01,86542.58,85887.01,86435.39,697514,848,60,6,0.99952
2026-09-22T16:00:00Z,86435.39,86557.37,86092.97,86473.99,497777,777,60,4,0.99952
2026-09-22T17:00:00Z,86473.99,86602.68,86272.41,86363.18,376737,675,60,5,1.00012
2026-09-22T18:00:00Z,86363.18,86620.92,86294.78,86511.53,239126,630,60,3,1.00012
2026-09-22T19:00:00Z,86511.53,86570.52,86205.40,86239.73,249960,627,60,5,0.99835
2026-09-22T20:00:00Z,86239.73,86379.27,86191.02,86250.97,187013,530,60,5,0.99790
2026-09-22T21:00:00Z,86250.97,86343.36,86228.45,86236.45,68754,450,60,3,0.99790
2026-09-22T22:00:00Z,86236.45,86259.81,86052.54,86153.78,299332,541,60,5,0.99952
2026-09-22T23:00:00Z,86153.78,86473.63,86088.87,86175.51,257532,622,60,3,0.99952
2026-09-23T00:00:00Z,86175.51,86544.59,86130.45,86460.48,210584,582,60,5,0.99952
2026-09-23T01:00:00Z,86460.48,86783.92,86223.65,86324.81,507716,765,60,6,1.00134
2026-09-23T02:00:00Z,86324.81,86589.62,86284.76,86509.50,114717,499,60,4,1.00134
2026-09-23T03:00:00Z,86509.50,86924.09,86381.60,86736.01,418037,575,58,6,1.00167
2026-09-23T04:00:00Z,86736.01,87238.52,86643.87,87184.07,710453,534,55,6,1.00171
2026-09-23T05:00:00Z,87184.07,87184.07,86458.99,86458.99,623684,386,51,5,1.00171
2026-09-23T06:00:00Z,86458.99,86659.73,86382.27,86474.97,351030,568,60,6,1.00169
2026-09-23T07:00:00Z,86474.97,86648.38,86024.71,86153.32,673877,758,60,6,1.00152
2026-09-23T08:00:00Z,86153.32,86235.84,85737.85,85950.95,545612,749,60,6,0.99811
2026-09-23T09:00:00Z,85950.95,85981.78,85771.42,85858.80,153686,518,60,3,0.99811
2026-09-23T10:00:00Z,85858.80,85954.52,85651.99,85886.52,264085,544,60,5,0.99811
2026-09-23T11:00:00Z,85886.52,85922.50,85340.15,85393.23,476000,570,60,6,0.99796
2026-09-23T12:00:00Z,85393.23,85629.47,85305.06,85457.07,365853,595,60,5,0.99795
2026-09-23T13:00:00Z,85457.07,85832.18,85326.91,85587.49,566062,852,60,6,0.99811
2026-09-23T14:00:00Z,85587.49,85832.81,83885.23,84150.28,3623980,1756,60,7,0.99795
2026-09-23T15:00:00Z,84150.28,84740.89,84034.99,84034.99,1055852,836,59,6,0.99793
2026-09-23T16:00:00Z,84034.99,84327.02,83619.20,84002.84,1339715,984,59,6,0.99794
2026-09-23T17:00:00Z,84002.84,84364.43,83757.18,84127.29,964495,862,60,4,0.99794
2026-09-23T18:00:00Z,84127.29,84366.03,84126.45,84354.53,210639,591,60,4,0.99794
2026-09-23T19:00:00Z,84354.53,84528.26,84091.68,84497.45,300172,588,60,6,0.99794
2026-09-23T20:00:00Z,84497.45,84532.23,84260.96,84267.16,216695,566,60,3,0.99794
2026-09-23T21:00:00Z,84267.16,84477.42,84227.92,84457.10,110381,526,60,3,0.99794
2026-09-23T22:00:00Z,84457.10,84631.74,84324.72,84572.97,303336,951,60,6,0.99808
2026-09-23T23:00:00Z,84572.97,84572.97,84382.50,84421.56,80285,446,60,3,0.99808
2026-09-24T00:00:00Z,84421.56,84452.08,84240.81,84316.23,191769,542,60,3,0.99808
2026-09-24T01:00:00Z,84316.23,84427.14,84101.97,84301.68,417163,680,60,5,0.99808
2026-09-24T02:00:00Z,84301.68,84324.76,83772.95,84324.76,827616,953,60,7,0.99809
2026-09-24T03:00:00Z,84324.76,84430.97,83883.97,83891.36,455719,715,60,6,0.99802
2026-09-24T04:00:00Z,83891.36,84076.06,83758.44,84028.90,285893,649,60,4,0.99802
2026-09-24T05:00:00Z,84028.90,84359.84,83936.96,84026.16,381521,760,60,5,0.99802
2026-09-24T06:00:00Z,84026.16,84185.34,83945.90,84121.91,161042,590,60,3,0.99802
2026-09-24T07:00:00Z,84121.91,84566.44,83941.75,84521.49,527422,745,60,6,0.99936
2026-09-24T08:00:00Z,84521.49,84572.02,83310.79,83601.87,1605656,1101,60,7,0.99819
2026-09-24T09:00:00Z,83601.87,83689.57,82381.88,82959.47,1208080,1015,60,6,0.99798
2026-09-24T10:00:00Z,82959.47,83517.36,82959.47,83305.33,588730,802,60,5,0.99808
2026-09-24T11:00:00Z,83305.33,83566.83,83305.33,83492.91,173549,524,60,6,0.99857
2026-09-24T12:00:00Z,83492.91,83619.63,83352.25,83413.44,445577,695,60,5,0.99936
2026-09-24T13:00:00Z,83413.44,84283.61,83413.44,84200.90,1518481,911,58,6,1.00041
2026-09-24T14:00:00Z,84200.90,84883.28,83405.43,83621.40,2787828,1307,60,6,1.00196
2026-09-24T15:00:00Z,83621.40,84395.32,83522.97,84352.99,1177515,625,58,6,1.00175
2026-09-24T16:00:00Z,84352.99,84867.60,84062.52,84571.95,1449957,854,51,6,1.00165
